id,name,phone,email,domain,address,city,zip,country
1,Oyoba,330-214-1100,contact@oyoba.com,Health Care,1920 Shelley Trail,Lille,59000,France
2,Yotz,594-402-5164,contact@yotz.com,Public Utilities,883 Express Drive,Nantes,44000,France
3,Buzzster,873-125-4617,contact@buzzster.com,n/a,808 Susan Alley,Paris,75000,France
4,Einti,208-162-1172,contact@einti.com,Finance,29 Hazelcrest Point,Rennes,35000,France
5,Tazz,668-287-9938,contact@tazz.com,Health Care,1439 Hooker Circle,Paris,75000,France
6,Photolist,377-718-6589,contact@photolist.com,n/a,3088 Laurel Center,Lille,59000,France
7,Brainverse,720-141-3180,contact@brainverse.com,Capital Goods,06 Bluejay Way,Rennes,35000,France
8,Skiptube,855-733-6158,contact@skiptube.com,Finance,570 Stang Drive,Rennes,35000,France
9,Flashdog,100-146-1005,contact@flashdog.com,Finance,435 Donald Road,Nantes,44000,France
10,Zoomzone,831-407-2212,contact@zoomzone.com,n/a,1 Mandrake Avenue,Rennes,35000,France
11,Youtags,624-297-9532,contact@youtags.com,Health Care,13 Brickson Park Lane,Paris,75000,France
12,Topicshots,849-342-5485,contact@topicshots.com,Health Care,10492 Quincy Drive,Paris,75000,France
13,Leenti,714-703-7108,contact@leenti.com,Health Care,0640 Manley Junction,Nantes,44000,France
14,Skibox,920-586-1910,contact@skibox.com,Consumer Services,4 Vahlen Court,Nantes,44000,France
15,Eire,539-948-3567,contact@eire.com,Energy,58377 Emmet Point,Nantes,44000,France
16,Podcat,184-955-7236,contact@podcat.com,Technology,7347 Heffernan Pass,Lille,59000,France
17,Babbleset,145-580-3855,contact@babbleset.com,Technology,147 Bunting Drive,Paris,75000,France
18,Lazzy,406-343-5289,contact@lazzy.com,Consumer Non-Durables,6072 American Ash Hill,Lille,59000,France
19,Edgeclub,634-340-4905,contact@edgeclub.com,Energy,22593 Hollow Ridge Way,Nantes,44000,France
20,Jamia,714-669-5131,contact@jamia.com,Public Utilities,053 Hoepker Hill,Nantes,44000,France
21,Muxo,643-825-1301,contact@muxo.com,Consumer Services,16245 Darwin Court,Rennes,35000,France
22,Realfire,102-266-9178,contact@realfire.com,Energy,38 Talisman Avenue,Lille,59000,France
23,Eadel,757-780-4296,contact@eadel.com,Health Care,7088 Larry Crossing,Rennes,35000,France
24,Jabberstorm,237-507-6805,contact@jabberstorm.com,Technology,39 Emmet Lane,Nantes,44000,France
25,Edgetag,163-697-7836,contact@edgetag.com,Finance,0150 Sloan Junction,Paris,75000,France
26,Twiyo,778-390-1731,contact@twiyo.com,Energy,53535 Talisman Terrace,Lille,59000,France
27,Kayveo,502-822-7124,contact@kayveo.com,n/a,856 Luster Center,Paris,75000,France
28,Tagfeed,894-142-1220,contact@tagfeed.com,Basic Industries,8 Briar Crest Road,Paris,75000,France
29,Thoughtbeat,111-939-9622,contact@thoughtbeat.com,n/a,0176 Scofield Lane,Lille,59000,France
30,Avamba,730-928-4899,contact@avamba.com,Transportation,42 Erie Pass,Lille,59000,France
31,Lajo,844-598-0536,contact@lajo.com,n/a,07799 Pawling Place,Paris,75000,France
32,Mudo,283-472-2931,contact@mudo.com,Capital Goods,9817 Hoepker Junction,Rennes,35000,France
33,Tazzy,502-920-4693,contact@tazzy.com,Energy,27 Old Shore Center,Lille,59000,France
34,Brightdog,208-421-3540,contact@brightdog.com,Consumer Services,1328 Lakewood Gardens Pass,Paris,75000,France
35,Wikizz,971-835-4312,contact@wikizz.com,Technology,2870 Ohio Lane,Paris,75000,France
36,Brightbean,128-649-4916,contact@brightbean.com,n/a,22662 Arrowood Crossing,Nantes,44000,France
37,Meejo,631-483-1436,contact@meejo.com,Finance,6022 Waxwing Parkway,Lille,59000,France
38,Zoozzy,250-166-6140,contact@zoozzy.com,Energy,323 Luster Terrace,Nantes,44000,France
39,Brainverse,335-738-4401,contact@brainverse.com,Energy,7 Tony Drive,Rennes,35000,France
40,Meejo,184-514-1189,contact@meejo.com,Finance,2 Holmberg Place,Rennes,35000,France
41,InnoZ,287-795-5111,contact@innoz.com,Basic Industries,14 Brentwood Center,Rennes,35000,France
42,Agivu,315-533-8254,contact@agivu.com,Consumer Services,07 Heffernan Junction,Rennes,35000,France
43,Quimm,272-570-2771,contact@quimm.com,Health Care,9831 Canary Court,Lille,59000,France
44,Tazzy,609-363-1623,contact@tazzy.com,Consumer Services,0866 Raven Lane,Rennes,35000,France
45,Meezzy,281-875-2795,contact@meezzy.com,Consumer Services,11 Drewry Terrace,Lille,59000,France
46,Miboo,751-545-1673,contact@miboo.com,Public Utilities,6833 Valley Edge Center,Nantes,44000,France
47,Katz,229-371-6455,contact@katz.com,Health Care,9 Nelson Drive,Rennes,35000,France
48,Jaxnation,393-747-7078,contact@jaxnation.com,n/a,68030 Spohn Terrace,Rennes,35000,France
49,Photobug,554-676-7020,contact@photobug.com,Consumer Non-Durables,2 Luster Center,Lille,59000,France
50,Vinder,986-227-2974,contact@vinder.com,Finance,11 Clove Place,Rennes,35000,France
51,Ailane,248-637-7088,contact@ailane.com,Consumer Services,5621 Schlimgen Parkway,Rennes,35000,France
52,Buzzbean,813-116-3412,contact@buzzbean.com,Public Utilities,598 Gateway Trail,Rennes,35000,France
53,Avamba,191-627-2627,contact@avamba.com,Consumer Services,63 Golf Course Place,Paris,75000,France
54,Yodoo,212-325-7281,contact@yodoo.com,Basic Industries,07436 Bonner Park,Rennes,35000,France
55,Skilith,278-931-2323,contact@skilith.com,Technology,4280 Drewry Center,Lille,59000,France
56,Skajo,846-446-1210,contact@skajo.com,n/a,0 Hallows Junction,Nantes,44000,France
57,Skyvu,308-338-3338,contact@skyvu.com,Health Care,370 Scofield Drive,Paris,75000,France
58,Youspan,776-200-8920,contact@youspan.com,Public Utilities,74221 Hanover Point,Lille,59000,France
59,Quinu,691-801-1910,contact@quinu.com,n/a,4 Spaight Road,Lille,59000,France
60,Skyble,465-719-5022,contact@skyble.com,Transportation,547 Dixon Road,Rennes,35000,France
61,Photojam,703-647-0235,contact@photojam.com,Consumer Durables,02 Trailsway Hill,Paris,75000,France
62,Feednation,841-668-6578,contact@feednation.com,n/a,0 Eastlawn Park,Nantes,44000,France
63,Aivee,114-341-8388,contact@aivee.com,Consumer Services,59 Talmadge Way,Rennes,35000,France
64,Mydo,730-524-3877,contact@mydo.com,n/a,231 Luster Trail,Lille,59000,France
65,Yambee,113-203-3356,contact@yambee.com,Health Care,538 Maple Circle,Nantes,44000,France
66,Eabox,655-250-9874,contact@eabox.com,n/a,0369 Eagan Park,Nantes,44000,France
67,Meeveo,993-564-0648,contact@meeveo.com,Miscellaneous,4 Delladonna Way,Nantes,44000,France
68,Devpulse,607-282-6346,contact@devpulse.com,n/a,448 Loomis Circle,Paris,75000,France
69,Skynoodle,735-424-9850,contact@skynoodle.com,Energy,96 Ronald Regan Terrace,Nantes,44000,France
70,Eimbee,801-926-7501,contact@eimbee.com,n/a,5081 Katie Alley,Nantes,44000,France
71,Katz,960-145-2221,contact@katz.com,Miscellaneous,0092 Green Road,Paris,75000,France
72,Photolist,235-488-2439,contact@photolist.com,Health Care,8660 Paget Plaza,Rennes,35000,France
73,Pixope,834-353-2980,contact@pixope.com,Basic Industries,17701 Transport Pass,Rennes,35000,France
74,Flipstorm,998-297-5121,contact@flipstorm.com,n/a,088 Michigan Pass,Paris,75000,France
75,Gabtype,265-480-0740,contact@gabtype.com,n/a,926 Mandrake Point,Rennes,35000,France
76,Vinte,383-710-6204,contact@vinte.com,Health Care,6 Old Gate Road,Paris,75000,France
77,Wikizz,518-547-3437,contact@wikizz.com,n/a,5366 Darwin Park,Paris,75000,France
78,Fanoodle,983-648-4902,contact@fanoodle.com,Public Utilities,3832 Sauthoff Pass,Rennes,35000,France
79,Gigazoom,911-935-8061,contact@gigazoom.com,Health Care,1 Victoria Road,Paris,75000,France
80,Oyope,926-642-0017,contact@oyope.com,Consumer Non-Durables,180 Lawn Road,Lille,59000,France
81,Quimba,958-217-6417,contact@quimba.com,n/a,35 Grover Road,Nantes,44000,France
82,Plambee,242-942-2875,contact@plambee.com,Capital Goods,622 Redwing Court,Nantes,44000,France
83,Jazzy,135-533-8725,contact@jazzy.com,Consumer Services,5 Hazelcrest Center,Nantes,44000,France
84,Topicblab,101-539-6703,contact@topicblab.com,n/a,2 Russell Lane,Paris,75000,France
85,Dabvine,292-178-7758,contact@dabvine.com,n/a,43655 Truax Trail,Nantes,44000,France
86,Mynte,275-771-0868,contact@mynte.com,Health Care,9800 Toban Avenue,Paris,75000,France
87,Trudoo,541-913-8445,contact@trudoo.com,Technology,1316 Colorado Hill,Paris,75000,France
88,Vinder,977-673-5612,contact@vinder.com,Consumer Services,222 Melby Pass,Lille,59000,France
89,Riffwire,734-846-3287,contact@riffwire.com,Technology,45 Hintze Circle,Paris,75000,France
90,Zoomcast,364-581-3136,contact@zoomcast.com,Finance,86556 Mcbride Way,Lille,59000,France
91,Gigazoom,348-469-0245,contact@gigazoom.com,Basic Industries,455 Moland Drive,Nantes,44000,France
92,Brightdog,418-275-0603,contact@brightdog.com,Finance,00051 Spohn Lane,Nantes,44000,France
93,Thoughtworks,478-917-4758,contact@thoughtworks.com,n/a,9 Surrey Hill,Paris,75000,France
94,Gigashots,895-648-6243,contact@gigashots.com,Consumer Services,51594 Oxford Parkway,Rennes,35000,France
95,Pixoboo,108-584-4526,contact@pixoboo.com,Public Utilities,653 Summit Alley,Lille,59000,France
96,Abatz,613-925-5529,contact@abatz.com,Health Care,51921 Garrison Point,Rennes,35000,France
97,Mynte,862-357-8114,contact@mynte.com,Consumer Services,500 Stone Corner Street,Paris,75000,France
98,Podcat,607-785-0953,contact@podcat.com,Finance,5393 Canary Street,Rennes,35000,France
99,Janyx,429-413-3327,contact@janyx.com,n/a,4824 Stang Plaza,Lille,59000,France
100,Tagcat,266-162-5383,contact@tagcat.com,Finance,785 Bay Street,Paris,75000,France
101,Feednation,201-466-8031,contact@feednation.com,Capital Goods,7889 Brown Drive,Nantes,44000,France
102,Tekfly,209-648-6140,contact@tekfly.com,Technology,6 Myrtle Lane,Paris,75000,France
103,Podcat,349-404-7448,contact@podcat.com,n/a,785 Independence Park,Lille,59000,France
104,Fliptune,776-564-0063,contact@fliptune.com,n/a,573 Redwing Court,Rennes,35000,France
105,Gigabox,572-962-4013,contact@gigabox.com,Consumer Services,7663 Express Avenue,Lille,59000,France
106,Skaboo,272-335-3815,contact@skaboo.com,Consumer Non-Durables,88994 Ohio Park,Lille,59000,France
107,Abata,275-429-6228,contact@abata.com,n/a,53522 High Crossing Circle,Paris,75000,France
108,Wikido,210-158-1482,contact@wikido.com,Consumer Non-Durables,10 Florence Point,Paris,75000,France
109,Ailane,978-187-7493,contact@ailane.com,Finance,08 Judy Trail,Rennes,35000,France
110,Reallinks,949-800-0117,contact@reallinks.com,n/a,1390 Golf Course Avenue,Nantes,44000,France
111,Tagcat,924-685-3180,contact@tagcat.com,Miscellaneous,2960 Menomonie Pass,Paris,75000,France
112,Roombo,413-326-0600,contact@roombo.com,Finance,25872 Division Parkway,Lille,59000,France
113,Vidoo,348-288-6816,contact@vidoo.com,Finance,2687 Carioca Alley,Nantes,44000,France
114,Bluejam,501-311-7829,contact@bluejam.com,Transportation,46 Cardinal Hill,Rennes,35000,France
115,Jabberbean,496-310-2843,contact@jabberbean.com,Public Utilities,2 South Street,Rennes,35000,France
116,Skiptube,564-936-3172,contact@skiptube.com,Consumer Services,51303 Tony Court,Nantes,44000,France
117,Divape,673-675-7900,contact@divape.com,Consumer Services,91 Elmside Junction,Nantes,44000,France
118,Trudeo,636-913-6178,contact@trudeo.com,Technology,0557 Morrow Street,Rennes,35000,France
119,Yodo,731-745-8868,contact@yodo.com,Consumer Services,3 Lerdahl Drive,Rennes,35000,France
120,Oloo,970-172-9130,contact@oloo.com,n/a,187 Canary Crossing,Rennes,35000,France
121,Youspan,574-904-4627,contact@youspan.com,Health Care,1595 Merchant Court,Lille,59000,France
122,Twitterwire,481-715-4064,contact@twitterwire.com,Consumer Services,3398 Sutteridge Pass,Rennes,35000,France
123,Browsecat,850-815-9958,contact@browsecat.com,n/a,9111 Acker Park,Rennes,35000,France
124,Meeveo,494-799-4109,contact@meeveo.com,Health Care,57590 Pine View Point,Nantes,44000,France
125,Mydo,127-426-9011,contact@mydo.com,Capital Goods,57823 Warner Lane,Lille,59000,France
126,Tagfeed,360-436-6609,contact@tagfeed.com,n/a,921 Lakewood Gardens Plaza,Paris,75000,France
127,Zoonder,921-897-0577,contact@zoonder.com,Finance,9149 Dawn Parkway,Paris,75000,France
128,Centizu,614-730-0865,contact@centizu.com,Capital Goods,248 Hollow Ridge Hill,Rennes,35000,France
129,Mybuzz,652-197-5727,contact@mybuzz.com,Basic Industries,10232 Declaration Lane,Rennes,35000,France
130,Jayo,592-993-2999,contact@jayo.com,Health Care,24 Dixon Hill,Nantes,44000,France
131,Agivu,215-431-1455,contact@agivu.com,n/a,3104 Sycamore Road,Rennes,35000,France
132,Kayveo,278-842-1353,contact@kayveo.com,n/a,64020 Springview Place,Paris,75000,France
133,Mynte,220-778-2592,contact@mynte.com,Public Utilities,34505 Reindahl Hill,Lille,59000,France
134,Photobug,296-818-6470,contact@photobug.com,n/a,4 Declaration Park,Paris,75000,France
135,Fivebridge,223-684-9474,contact@fivebridge.com,Capital Goods,51 Pierstorff Terrace,Paris,75000,France
136,Divanoodle,943-938-8080,contact@divanoodle.com,Consumer Services,42192 Eggendart Center,Nantes,44000,France
137,Skyble,473-962-4437,contact@skyble.com,Consumer Durables,5614 David Way,Lille,59000,France
138,Yabox,523-988-9509,contact@yabox.com,Health Care,5 Forster Junction,Paris,75000,France
139,Blognation,375-597-1194,contact@blognation.com,Finance,277 Ryan Point,Paris,75000,France
140,Wikibox,800-399-3826,contact@wikibox.com,n/a,0 Shelley Park,Paris,75000,France
141,Skajo,856-694-9028,contact@skajo.com,Finance,396 Logan Junction,Lille,59000,France
142,Flipbug,237-972-1022,contact@flipbug.com,n/a,4576 Scott Crossing,Paris,75000,France
143,Yakijo,610-844-0272,contact@yakijo.com,Consumer Services,4531 Birchwood Drive,Lille,59000,France
144,Aivee,957-824-1671,contact@aivee.com,Finance,6705 Calypso Park,Paris,75000,France
145,Photobean,645-606-8198,contact@photobean.com,Consumer Services,748 Redwing Circle,Nantes,44000,France
146,Thoughtbeat,916-760-7207,contact@thoughtbeat.com,n/a,9 Arkansas Lane,Nantes,44000,France
147,Shuffledrive,347-824-9248,contact@shuffledrive.com,n/a,6 Eastlawn Trail,Paris,75000,France
148,Thoughtbeat,821-901-2147,contact@thoughtbeat.com,n/a,0 Alpine Way,Lille,59000,France
149,Yoveo,670-354-7014,contact@yoveo.com,Finance,87344 Surrey Avenue,Paris,75000,France
150,Riffpedia,884-337-5002,contact@riffpedia.com,n/a,640 Dawn Trail,Lille,59000,France
151,Jabbersphere,905-388-3538,contact@jabbersphere.com,n/a,91 Caliangt Court,Rennes,35000,France
152,Gigaclub,478-964-1295,contact@gigaclub.com,Consumer Services,446 Mcbride Trail,Rennes,35000,France
153,Tazzy,403-632-0194,contact@tazzy.com,Technology,0177 Memorial Court,Paris,75000,France
154,Avamba,283-597-9832,contact@avamba.com,Technology,2516 Hovde Plaza,Lille,59000,France
155,Youfeed,394-347-9510,contact@youfeed.com,Consumer Services,3 Erie Terrace,Nantes,44000,France
156,Zoomdog,201-299-3354,contact@zoomdog.com,Consumer Services,6240 Milwaukee Circle,Rennes,35000,France
157,Topicblab,978-566-4135,contact@topicblab.com,Capital Goods,0 Bobwhite Center,Nantes,44000,France
158,Nlounge,625-349-7618,contact@nlounge.com,Basic Industries,646 Eagan Avenue,Lille,59000,France
159,Trudoo,433-745-9826,contact@trudoo.com,Technology,7094 Moulton Way,Rennes,35000,France
160,Skiba,841-695-6539,contact@skiba.com,Basic Industries,86566 Morningstar Court,Lille,59000,France
161,Quimm,342-665-5080,contact@quimm.com,Finance,0 Crest Line Drive,Lille,59000,France
162,Skinte,184-431-1729,contact@skinte.com,Consumer Services,0 Upham Drive,Nantes,44000,France
163,Vidoo,665-176-3700,contact@vidoo.com,Capital Goods,236 Novick Junction,Rennes,35000,France
164,Lazz,743-839-1085,contact@lazz.com,Finance,88458 Marcy Circle,Nantes,44000,France
165,Photojam,416-192-4679,contact@photojam.com,Consumer Non-Durables,19079 Moose Circle,Paris,75000,France
166,Twitterbridge,939-696-1500,contact@twitterbridge.com,Finance,32 Charing Cross Place,Nantes,44000,France
167,Riffpedia,379-696-6244,contact@riffpedia.com,Consumer Durables,0 Sunnyside Lane,Paris,75000,France
168,Snaptags,576-867-5080,contact@snaptags.com,Consumer Non-Durables,79632 Morrow Point,Paris,75000,France
169,Riffpath,787-354-9689,contact@riffpath.com,Health Care,14089 Mockingbird Center,Rennes,35000,France
170,Wordware,717-345-7060,contact@wordware.com,Energy,913 5th Circle,Nantes,44000,France
171,Kayveo,136-276-1644,contact@kayveo.com,Capital Goods,1 Norway Maple Park,Rennes,35000,France
172,Vitz,880-415-3397,contact@vitz.com,Finance,3 Stone Corner Lane,Rennes,35000,France
173,Linktype,745-732-6890,contact@linktype.com,Capital Goods,5967 Banding Junction,Paris,75000,France
174,Snaptags,970-409-3162,contact@snaptags.com,Health Care,473 Hayes Road,Paris,75000,France
175,Browseblab,798-944-8643,contact@browseblab.com,Public Utilities,961 Oriole Court,Paris,75000,France
176,Centizu,405-923-6567,contact@centizu.com,Capital Goods,27 Sachtjen Road,Nantes,44000,France
177,Zoonder,157-206-6673,contact@zoonder.com,n/a,1 Hansons Drive,Rennes,35000,France
178,Oodoo,315-706-2467,contact@oodoo.com,Health Care,3425 Holmberg Circle,Nantes,44000,France
179,BlogXS,715-359-7875,contact@blogxs.com,n/a,34902 Debs Place,Paris,75000,France
180,Eimbee,306-806-8777,contact@eimbee.com,Finance,2130 Bartelt Junction,Rennes,35000,France
181,Nlounge,872-694-2354,contact@nlounge.com,Energy,16 East Place,Paris,75000,France
182,Thoughtblab,495-535-3606,contact@thoughtblab.com,Health Care,680 Pawling Drive,Lille,59000,France
183,Zoomcast,830-188-5378,contact@zoomcast.com,Consumer Services,765 Kipling Parkway,Lille,59000,France
184,Tagopia,390-304-3038,contact@tagopia.com,Basic Industries,07 Charing Cross Circle,Paris,75000,France
185,Dynabox,682-991-3883,contact@dynabox.com,n/a,50 Transport Trail,Rennes,35000,France
186,Linktype,997-713-0093,contact@linktype.com,n/a,85 Meadow Ridge Court,Lille,59000,France
187,Skinte,586-271-4882,contact@skinte.com,Energy,34976 Village Hill,Lille,59000,France
188,Brainverse,885-622-7599,contact@brainverse.com,Consumer Durables,166 Prairieview Center,Nantes,44000,France
189,Skimia,905-383-3232,contact@skimia.com,Technology,8 Gale Place,Rennes,35000,France
190,Meedoo,206-683-3401,contact@meedoo.com,Finance,04 Di Loreto Avenue,Rennes,35000,France
191,Realmix,899-723-6781,contact@realmix.com,Health Care,4 Golf Park,Paris,75000,France
192,Jabberstorm,338-190-9463,contact@jabberstorm.com,n/a,3 Florence Place,Paris,75000,France
193,Zazio,593-795-6451,contact@zazio.com,n/a,84214 Little Fleur Drive,Lille,59000,France
194,Quinu,990-523-5304,contact@quinu.com,n/a,38307 Cody Place,Rennes,35000,France
195,Gabspot,462-762-5689,contact@gabspot.com,n/a,4 Barnett Way,Paris,75000,France
196,Edgeclub,898-555-2962,contact@edgeclub.com,Health Care,550 Bowman Trail,Lille,59000,France
197,Latz,744-987-7102,contact@latz.com,n/a,41 Vidon Junction,Rennes,35000,France
198,Mita,108-801-1536,contact@mita.com,n/a,0826 Orin Hill,Nantes,44000,France
199,Jaxspan,470-422-0970,contact@jaxspan.com,Finance,5 Autumn Leaf Drive,Rennes,35000,France
200,Fiveclub,626-878-2936,contact@fiveclub.com,Technology,176 Bobwhite Center,Rennes,35000,France
201,Abata,248-929-9362,contact@abata.com,Health Care,885 Lakeland Alley,Paris,75000,France
202,Skimia,904-809-6512,contact@skimia.com,Finance,1645 Rusk Hill,Nantes,44000,France
203,LiveZ,246-562-7240,contact@livez.com,n/a,6767 Schiller Plaza,Lille,59000,France
204,Wikizz,222-333-2834,contact@wikizz.com,Consumer Services,362 Carberry Alley,Lille,59000,France
205,Skidoo,670-893-9713,contact@skidoo.com,Capital Goods,4 Debra Avenue,Nantes,44000,France
206,Nlounge,766-913-0758,contact@nlounge.com,Consumer Durables,64858 Badeau Alley,Rennes,35000,France
207,Quinu,420-245-9002,contact@quinu.com,Technology,86622 Marcy Avenue,Paris,75000,France
208,Kwinu,411-945-1052,contact@kwinu.com,n/a,792 Shoshone Crossing,Lille,59000,France
209,Abata,602-377-9395,contact@abata.com,Basic Industries,6134 Tomscot Lane,Rennes,35000,France
210,Einti,198-750-0572,contact@einti.com,Finance,815 Roxbury Avenue,Lille,59000,France
211,Buzzshare,208-165-6648,contact@buzzshare.com,Consumer Services,6 Weeping Birch Avenue,Rennes,35000,France
212,Mynte,340-379-1054,contact@mynte.com,n/a,9 Arapahoe Pass,Nantes,44000,France
213,InnoZ,489-661-1481,contact@innoz.com,Consumer Services,0721 Lukken Junction,Lille,59000,France
214,Flipbug,951-446-9194,contact@flipbug.com,Health Care,6 Lakeland Point,Paris,75000,France
215,Divape,767-333-0327,contact@divape.com,Capital Goods,8 Starling Point,Lille,59000,France
216,Oodoo,286-293-6629,contact@oodoo.com,Finance,94068 Mockingbird Center,Paris,75000,France
217,Mita,924-758-7744,contact@mita.com,Consumer Services,908 Graedel Plaza,Paris,75000,France
218,Demivee,154-398-4057,contact@demivee.com,Technology,51884 Valley Edge Place,Rennes,35000,France
219,Kwinu,276-629-1817,contact@kwinu.com,Finance,5 Texas Trail,Paris,75000,France
220,Topicshots,403-818-6726,contact@topicshots.com,Consumer Services,2 Ronald Regan Drive,Nantes,44000,France
221,Mita,531-404-5251,contact@mita.com,Basic Industries,8 Kings Court,Nantes,44000,France
222,Feedfire,146-938-3819,contact@feedfire.com,Finance,10 Elgar Court,Nantes,44000,France
223,Jabberstorm,379-900-4583,contact@jabberstorm.com,Health Care,058 Portage Street,Lille,59000,France
224,Wordpedia,996-760-3434,contact@wordpedia.com,n/a,89708 Calypso Lane,Rennes,35000,France
225,Blogspan,432-378-6448,contact@blogspan.com,Consumer Services,38437 Sundown Center,Paris,75000,France
226,Babbleblab,701-407-9556,contact@babbleblab.com,Consumer Services,12314 Jackson Park,Paris,75000,France
227,DabZ,390-902-3928,contact@dabz.com,Public Utilities,7 Pankratz Plaza,Rennes,35000,France
228,Wikido,917-221-2877,contact@wikido.com,Basic Industries,9 Morningstar Plaza,Paris,75000,France
229,Kayveo,998-402-4384,contact@kayveo.com,Finance,20 Veith Center,Rennes,35000,France
230,Gevee,555-535-3098,contact@gevee.com,n/a,609 Spenser Alley,Paris,75000,France
231,Geba,114-703-9261,contact@geba.com,Energy,5663 Morning Trail,Rennes,35000,France
232,Vitz,195-635-7614,contact@vitz.com,Health Care,7328 Quincy Court,Rennes,35000,France
233,Twimbo,849-747-3214,contact@twimbo.com,n/a,85282 Blue Bill Park Street,Rennes,35000,France
234,Jaxworks,231-136-4771,contact@jaxworks.com,Public Utilities,9 Dexter Avenue,Nantes,44000,France
235,Viva,173-747-8117,contact@viva.com,Transportation,252 Declaration Trail,Nantes,44000,France
236,Aibox,559-107-9891,contact@aibox.com,Consumer Services,80 Hoard Parkway,Paris,75000,France
237,Leexo,660-420-0958,contact@leexo.com,n/a,5914 Glendale Drive,Nantes,44000,France
238,Vinder,527-297-7930,contact@vinder.com,Consumer Non-Durables,15 Westerfield Place,Paris,75000,France
239,Skimia,620-905-2218,contact@skimia.com,Basic Industries,110 Vera Crossing,Nantes,44000,France
240,Yodoo,164-658-2303,contact@yodoo.com,Consumer Non-Durables,765 Vera Alley,Paris,75000,France
241,Youfeed,760-621-6266,contact@youfeed.com,Consumer Services,95482 Raven Park,Paris,75000,France
242,Rhynoodle,730-234-6025,contact@rhynoodle.com,n/a,725 Oakridge Junction,Rennes,35000,France
243,Mydeo,686-470-5937,contact@mydeo.com,Energy,74353 Independence Court,Rennes,35000,France
244,Quatz,545-381-3693,contact@quatz.com,Energy,43 Emmet Place,Rennes,35000,France
245,Mynte,690-220-0536,contact@mynte.com,Health Care,6 Springs Court,Paris,75000,France
246,Devpoint,612-147-7628,contact@devpoint.com,Capital Goods,654 Susan Plaza,Nantes,44000,France
247,Skinte,210-356-9064,contact@skinte.com,Basic Industries,7586 Anniversary Alley,Lille,59000,France
248,Quinu,976-940-5959,contact@quinu.com,Public Utilities,0063 Brown Lane,Lille,59000,France
249,Skiptube,501-569-0812,contact@skiptube.com,Finance,16012 Meadow Valley Street,Rennes,35000,France
250,Oyondu,841-936-3959,contact@oyondu.com,Capital Goods,914 Jenna Way,Lille,59000,France
251,Podcat,803-482-0132,contact@podcat.com,n/a,280 Londonderry Trail,Lille,59000,France
252,Dabtype,449-275-8420,contact@dabtype.com,Public Utilities,8 Fisk Place,Paris,75000,France
253,Rhyloo,276-728-5780,contact@rhyloo.com,Public Utilities,652 Comanche Court,Lille,59000,France
254,Eare,892-941-7020,contact@eare.com,n/a,1 Knutson Junction,Lille,59000,France
255,Fivechat,649-668-8943,contact@fivechat.com,Basic Industries,54 Randy Pass,Rennes,35000,France
256,Avamba,655-148-9460,contact@avamba.com,Technology,9589 3rd Circle,Rennes,35000,France
257,Topicblab,138-246-9591,contact@topicblab.com,Technology,36330 Buhler Center,Rennes,35000,France
258,Babblestorm,831-197-9652,contact@babblestorm.com,Energy,911 Briar Crest Hill,Paris,75000,France
259,Camimbo,259-682-4728,contact@camimbo.com,Health Care,145 Orin Terrace,Paris,75000,France
260,Skilith,594-362-8797,contact@skilith.com,Miscellaneous,98 Briar Crest Street,Nantes,44000,France
261,Bubblemix,303-419-8041,contact@bubblemix.com,Consumer Services,35043 Fairfield Court,Paris,75000,France
262,Photojam,164-749-6122,contact@photojam.com,Consumer Durables,2 Buena Vista Place,Paris,75000,France
263,Blognation,449-520-6615,contact@blognation.com,Consumer Non-Durables,387 Continental Alley,Paris,75000,France
264,Eamia,873-944-6970,contact@eamia.com,Health Care,5530 Express Crossing,Rennes,35000,France
265,LiveZ,744-604-3283,contact@livez.com,Health Care,80250 Oxford Trail,Paris,75000,France
266,Eidel,703-504-3122,contact@eidel.com,Basic Industries,20668 Dottie Street,Nantes,44000,France
267,Blogtags,127-835-7831,contact@blogtags.com,Consumer Durables,2219 Hoepker Court,Lille,59000,France
268,Meetz,327-390-5351,contact@meetz.com,Public Utilities,3290 Briar Crest Park,Lille,59000,France
269,Podcat,213-768-8784,contact@podcat.com,n/a,98416 Jay Court,Nantes,44000,France
270,Kayveo,376-760-6116,contact@kayveo.com,Finance,492 Welch Point,Lille,59000,France
271,Demimbu,898-702-1344,contact@demimbu.com,Health Care,0 Corry Parkway,Lille,59000,France
272,Feedfire,691-399-6434,contact@feedfire.com,Consumer Services,8810 Nelson Center,Lille,59000,France
273,Kwilith,556-416-7475,contact@kwilith.com,Consumer Non-Durables,2 Butterfield Hill,Rennes,35000,France
274,Vinte,685-706-4744,contact@vinte.com,n/a,0 North Road,Paris,75000,France
275,Kazio,900-731-9642,contact@kazio.com,Finance,1 Pleasure Lane,Nantes,44000,France
276,Browseblab,283-569-8582,contact@browseblab.com,Energy,171 Bobwhite Circle,Paris,75000,France
277,Pixoboo,747-908-1084,contact@pixoboo.com,Technology,1 Jackson Way,Paris,75000,France
278,Bluezoom,485-345-0098,contact@bluezoom.com,Finance,88 Schmedeman Point,Paris,75000,France
279,Meevee,277-598-2632,contact@meevee.com,Health Care,9039 Tennessee Trail,Paris,75000,France
280,Tanoodle,597-717-6592,contact@tanoodle.com,Health Care,67 Lunder Junction,Nantes,44000,France
281,Skibox,450-843-0523,contact@skibox.com,Energy,69620 Sutteridge Center,Nantes,44000,France
282,Tagcat,872-110-0111,contact@tagcat.com,Consumer Services,39948 Crest Line Alley,Lille,59000,France
283,Dabvine,677-192-5477,contact@dabvine.com,n/a,582 Meadow Vale Court,Rennes,35000,France
284,Flipopia,357-391-0013,contact@flipopia.com,Finance,3031 Vahlen Parkway,Paris,75000,France
285,Jabbertype,507-187-5099,contact@jabbertype.com,n/a,78 Hollow Ridge Parkway,Rennes,35000,France
286,Fliptune,576-511-6260,contact@fliptune.com,n/a,3 Green Ridge Lane,Lille,59000,France
287,Wikido,375-769-6071,contact@wikido.com,Technology,946 Manley Court,Paris,75000,France
288,Aimbo,303-115-1706,contact@aimbo.com,n/a,14903 Stephen Avenue,Nantes,44000,France
289,Kaymbo,548-775-1797,contact@kaymbo.com,n/a,43 Lotheville Trail,Nantes,44000,France
290,Topicstorm,498-645-6780,contact@topicstorm.com,Finance,23 Spaight Crossing,Rennes,35000,France
291,Livepath,750-998-0820,contact@livepath.com,Technology,661 Blue Bill Park Plaza,Rennes,35000,France
292,Quinu,356-658-4959,contact@quinu.com,Basic Industries,7 Amoth Junction,Paris,75000,France
293,Yodoo,955-164-9792,contact@yodoo.com,Finance,12803 Melby Point,Nantes,44000,France
294,Avamba,554-599-9170,contact@avamba.com,Basic Industries,15910 Milwaukee Place,Paris,75000,France
295,Mynte,704-706-7633,contact@mynte.com,n/a,2 Trailsway Avenue,Rennes,35000,France
296,Npath,562-856-6779,contact@npath.com,Technology,5249 Sheridan Crossing,Paris,75000,France
297,Voolith,714-938-5439,contact@voolith.com,Consumer Non-Durables,168 Dennis Center,Rennes,35000,France
298,Shufflester,801-670-2952,contact@shufflester.com,Finance,27 Clemons Place,Rennes,35000,France
299,Mita,570-853-7768,contact@mita.com,Consumer Durables,64 Grim Crossing,Lille,59000,France
300,Lazzy,515-441-1934,contact@lazzy.com,Technology,3 Warrior Way,Nantes,44000,France
301,Jatri,190-587-9713,contact@jatri.com,Finance,817 Forest Dale Crossing,Lille,59000,France
302,Quatz,681-664-8415,contact@quatz.com,Consumer Non-Durables,70 Mayfield Plaza,Rennes,35000,France
303,Eimbee,282-486-4234,contact@eimbee.com,n/a,681 Rutledge Crossing,Rennes,35000,France
304,Babbleopia,228-192-3539,contact@babbleopia.com,Finance,2 Bunker Hill Plaza,Paris,75000,France
305,Brightbean,351-695-6591,contact@brightbean.com,n/a,6 Comanche Park,Lille,59000,France
306,Edgeclub,710-817-3248,contact@edgeclub.com,Basic Industries,1 Eagle Crest Place,Nantes,44000,France
307,Thoughtblab,353-826-1909,contact@thoughtblab.com,Public Utilities,12 Kennedy Park,Rennes,35000,France
308,Yadel,762-656-1222,contact@yadel.com,Capital Goods,09367 Butternut Park,Paris,75000,France
309,Edgeclub,210-137-1127,contact@edgeclub.com,n/a,8 Sundown Alley,Rennes,35000,France
310,Livetube,253-147-2476,contact@livetube.com,Health Care,74 Park Meadow Trail,Lille,59000,France
311,Buzzdog,843-963-1010,contact@buzzdog.com,Basic Industries,199 Thompson Parkway,Nantes,44000,France
312,Meeveo,786-582-0323,contact@meeveo.com,Finance,4097 Meadow Vale Avenue,Lille,59000,France
313,Quamba,802-383-2148,contact@quamba.com,Health Care,4973 Oak Avenue,Paris,75000,France
314,Yakitri,899-177-5262,contact@yakitri.com,n/a,36 Lawn Crossing,Paris,75000,France
315,Zoomdog,333-823-0571,contact@zoomdog.com,Finance,08 Hanover Road,Paris,75000,France
316,Jaxbean,778-998-3941,contact@jaxbean.com,Technology,20 Darwin Avenue,Rennes,35000,France
317,Gigabox,484-501-4411,contact@gigabox.com,Capital Goods,20 Waxwing Junction,Rennes,35000,France
318,Fadeo,628-641-5723,contact@fadeo.com,Finance,05 Lunder Crossing,Rennes,35000,France
319,Pixonyx,936-628-3402,contact@pixonyx.com,Technology,5549 Oak Place,Nantes,44000,France
320,Jetpulse,847-976-8695,contact@jetpulse.com,Health Care,21457 Pine View Parkway,Rennes,35000,France
321,Youspan,414-247-2804,contact@youspan.com,Finance,9988 Autumn Leaf Pass,Lille,59000,France
322,Skaboo,707-195-5529,contact@skaboo.com,Finance,1713 Redwing Place,Nantes,44000,France
323,Roomm,195-117-1915,contact@roomm.com,n/a,9845 Brown Circle,Nantes,44000,France
324,Mita,855-216-6242,contact@mita.com,Public Utilities,36494 Pepper Wood Road,Lille,59000,France
325,Realblab,557-926-4238,contact@realblab.com,Consumer Services,340 Talmadge Park,Lille,59000,France
326,Thoughtbridge,925-503-4688,contact@thoughtbridge.com,Health Care,2934 5th Circle,Nantes,44000,France
327,Blogspan,294-106-8617,contact@blogspan.com,n/a,69399 Anthes Road,Lille,59000,France
328,Topiclounge,691-116-0530,contact@topiclounge.com,Consumer Non-Durables,62 Packers Place,Nantes,44000,France
329,Jabbercube,344-350-1190,contact@jabbercube.com,n/a,96 Bayside Lane,Paris,75000,France
330,Mydo,136-837-4115,contact@mydo.com,n/a,1446 Nevada Road,Rennes,35000,France
331,Zoombox,947-579-7303,contact@zoombox.com,Basic Industries,81 Canary Lane,Lille,59000,France
332,Devpoint,423-974-7880,contact@devpoint.com,n/a,211 Crest Line Pass,Lille,59000,France
333,Trupe,206-710-7018,contact@trupe.com,Consumer Services,2 Eagle Crest Crossing,Lille,59000,France
334,Yombu,482-712-8734,contact@yombu.com,Health Care,74561 Pleasure Trail,Rennes,35000,France
335,Snaptags,471-142-2312,contact@snaptags.com,Consumer Services,7335 Ridgeview Place,Lille,59000,France
336,Yakitri,512-408-3268,contact@yakitri.com,Transportation,123 Oneill Lane,Rennes,35000,France
337,Zoomcast,586-424-1245,contact@zoomcast.com,n/a,8 New Castle Avenue,Paris,75000,France
338,Meevee,807-443-8962,contact@meevee.com,Energy,183 Village Green Lane,Rennes,35000,France
339,Thoughtsphere,656-771-4494,contact@thoughtsphere.com,Finance,012 Welch Circle,Nantes,44000,France
340,Geba,136-934-8788,contact@geba.com,Consumer Services,24495 Rutledge Avenue,Paris,75000,France
341,Riffpedia,787-175-2547,contact@riffpedia.com,Consumer Services,21 Milwaukee Court,Paris,75000,France
342,Zoomcast,830-246-1726,contact@zoomcast.com,Finance,34 Boyd Place,Lille,59000,France
343,Twitterworks,101-942-3024,contact@twitterworks.com,Finance,050 Schurz Court,Rennes,35000,France
344,Meezzy,764-408-5776,contact@meezzy.com,Consumer Durables,4 Thompson Hill,Rennes,35000,France
345,Wikizz,883-316-5707,contact@wikizz.com,Technology,7207 Commercial Hill,Rennes,35000,France
346,Thoughtstorm,705-921-0728,contact@thoughtstorm.com,Consumer Services,3803 Maryland Point,Nantes,44000,France
347,Divanoodle,710-186-1925,contact@divanoodle.com,Finance,76 Superior Plaza,Rennes,35000,France
348,Edgewire,323-716-9580,contact@edgewire.com,n/a,6591 Walton Alley,Nantes,44000,France
349,Kare,212-763-6639,contact@kare.com,Energy,3 Melrose Alley,Rennes,35000,France
350,Linklinks,220-792-7178,contact@linklinks.com,Consumer Services,310 Montana Street,Lille,59000,France
351,Quimm,901-506-3963,contact@quimm.com,n/a,91635 Farwell Plaza,Rennes,35000,France
352,Voomm,375-185-8108,contact@voomm.com,Health Care,0 Scoville Drive,Nantes,44000,France
353,Oyope,204-435-7233,contact@oyope.com,Health Care,53537 Springview Pass,Lille,59000,France
354,Pixonyx,114-538-7567,contact@pixonyx.com,Energy,2705 Blue Bill Park Street,Lille,59000,France
355,Zava,906-317-3603,contact@zava.com,Finance,350 Bonner Alley,Lille,59000,France
356,Chatterpoint,912-294-6505,contact@chatterpoint.com,Basic Industries,452 Troy Place,Rennes,35000,France
357,Browsecat,513-253-9103,contact@browsecat.com,Consumer Non-Durables,57899 Sunbrook Point,Nantes,44000,France
358,Edgewire,106-561-1346,contact@edgewire.com,Public Utilities,8413 Manitowish Trail,Nantes,44000,France
359,Tagfeed,211-474-0548,contact@tagfeed.com,Consumer Non-Durables,3 Monterey Hill,Rennes,35000,France
360,Mynte,730-888-2175,contact@mynte.com,n/a,96 Northfield Crossing,Rennes,35000,France
361,Feedfish,371-739-3140,contact@feedfish.com,n/a,76495 Manufacturers Parkway,Nantes,44000,France
362,Aibox,529-826-2424,contact@aibox.com,Consumer Services,155 Mandrake Crossing,Paris,75000,France
363,Eamia,382-859-1186,contact@eamia.com,Finance,042 Monterey Crossing,Nantes,44000,France
364,Eayo,799-150-8748,contact@eayo.com,Health Care,85 Crest Line Road,Paris,75000,France
365,Agimba,308-375-8092,contact@agimba.com,n/a,06839 Melby Hill,Lille,59000,France
366,Meejo,241-418-8667,contact@meejo.com,Public Utilities,2902 Northridge Lane,Paris,75000,France
367,Yotz,978-115-7355,contact@yotz.com,Technology,683 Elka Parkway,Lille,59000,France
368,Trupe,378-909-6760,contact@trupe.com,Health Care,36 Saint Paul Park,Rennes,35000,France
369,Mydeo,641-511-4763,contact@mydeo.com,Health Care,1 Westend Place,Rennes,35000,France
370,Trilith,134-631-6785,contact@trilith.com,Technology,0 Hollow Ridge Pass,Rennes,35000,France
371,Wikizz,250-983-0431,contact@wikizz.com,Consumer Services,07057 Anzinger Circle,Rennes,35000,France
372,Innotype,268-843-8138,contact@innotype.com,n/a,9 New Castle Place,Paris,75000,France
373,Zooveo,905-825-3656,contact@zooveo.com,Finance,12 Del Mar Pass,Lille,59000,France
374,Kwideo,486-113-6818,contact@kwideo.com,Finance,52 Namekagon Drive,Rennes,35000,France
375,Vidoo,786-140-6692,contact@vidoo.com,Public Utilities,9864 Doe Crossing Circle,Paris,75000,France
376,Lajo,234-253-1622,contact@lajo.com,Finance,52 Tony Point,Paris,75000,France
377,Quamba,489-274-6141,contact@quamba.com,Energy,042 Colorado Terrace,Lille,59000,France
378,Trilith,600-152-5162,contact@trilith.com,n/a,9 Graceland Way,Lille,59000,France
379,Zoozzy,530-851-0242,contact@zoozzy.com,n/a,71093 Kenwood Point,Nantes,44000,France
380,Oyonder,929-155-5098,contact@oyonder.com,Consumer Durables,2 Manitowish Alley,Rennes,35000,France
381,Skipstorm,421-363-5863,contact@skipstorm.com,n/a,1 Hoffman Center,Nantes,44000,France
382,Gabcube,100-437-8626,contact@gabcube.com,Miscellaneous,06 Helena Plaza,Rennes,35000,France
383,Oyondu,223-300-6843,contact@oyondu.com,Health Care,554 Briar Crest Avenue,Nantes,44000,France
384,Topicshots,285-876-2354,contact@topicshots.com,Finance,11275 Fallview Place,Lille,59000,France
385,Rhyzio,384-377-6859,contact@rhyzio.com,Health Care,2702 Cottonwood Way,Rennes,35000,France
386,Linkbuzz,391-846-8714,contact@linkbuzz.com,n/a,386 Doe Crossing Terrace,Paris,75000,France
387,Skinte,885-225-0897,contact@skinte.com,Public Utilities,4915 Loeprich Road,Nantes,44000,France
388,Podcat,630-976-4460,contact@podcat.com,Health Care,0 Old Shore Drive,Nantes,44000,France
389,Realpoint,746-224-4340,contact@realpoint.com,Finance,41417 Golf Place,Paris,75000,France
390,Twiyo,913-115-6919,contact@twiyo.com,Consumer Durables,831 Luster Trail,Paris,75000,France
391,BlogXS,249-645-2723,contact@blogxs.com,Consumer Services,0 Swallow Hill,Lille,59000,France
392,Oyoyo,414-221-6440,contact@oyoyo.com,Public Utilities,092 Nancy Place,Paris,75000,France
393,Skipstorm,442-296-9872,contact@skipstorm.com,Technology,962 Debs Drive,Nantes,44000,France
394,Kwideo,749-465-8306,contact@kwideo.com,Capital Goods,1270 Main Circle,Nantes,44000,France
395,Kimia,361-746-3762,contact@kimia.com,Technology,69162 Carey Terrace,Nantes,44000,France
396,Myworks,656-812-6248,contact@myworks.com,Consumer Services,0662 Cambridge Way,Paris,75000,France
397,Brainbox,468-743-3533,contact@brainbox.com,Technology,1 Rieder Crossing,Nantes,44000,France
398,Blognation,399-610-9543,contact@blognation.com,n/a,70575 Village Circle,Lille,59000,France
399,Fivebridge,331-585-2146,contact@fivebridge.com,n/a,7 Carpenter Court,Lille,59000,France
400,Ailane,625-873-1643,contact@ailane.com,Health Care,6503 Scoville Plaza,Lille,59000,France
401,Chatterpoint,641-558-5306,contact@chatterpoint.com,Basic Industries,20292 Dovetail Crossing,Paris,75000,France
402,Jabberstorm,983-822-4688,contact@jabberstorm.com,Consumer Services,157 Fairfield Pass,Rennes,35000,France
403,Topicblab,574-624-1175,contact@topicblab.com,Technology,56571 Forest Run Center,Paris,75000,France
404,Dynabox,629-271-2104,contact@dynabox.com,Consumer Services,89 Division Way,Nantes,44000,France
405,Skyba,853-382-8627,contact@skyba.com,Technology,052 Monument Hill,Rennes,35000,France
406,Thoughtworks,287-822-4034,contact@thoughtworks.com,Basic Industries,82 Homewood Center,Paris,75000,France
407,Skajo,825-645-2848,contact@skajo.com,n/a,7 Little Fleur Street,Paris,75000,France
408,Jaxnation,893-227-4996,contact@jaxnation.com,n/a,721 Tennessee Park,Nantes,44000,France
409,Skippad,646-143-9730,contact@skippad.com,Consumer Services,62 Duke Parkway,Nantes,44000,France
410,Mudo,193-303-5226,contact@mudo.com,n/a,88 Judy Point,Paris,75000,France
411,Ainyx,424-897-1107,contact@ainyx.com,n/a,96 Oak Alley,Paris,75000,France
412,Dabvine,670-915-5252,contact@dabvine.com,n/a,1160 Cody Alley,Lille,59000,France
413,Chatterbridge,680-308-6303,contact@chatterbridge.com,Transportation,15 Service Court,Rennes,35000,France
414,Zoomzone,159-106-8335,contact@zoomzone.com,Finance,9437 Ronald Regan Terrace,Paris,75000,France
415,Tagfeed,357-343-5613,contact@tagfeed.com,n/a,5 Kings Parkway,Lille,59000,France
416,Vipe,951-268-6852,contact@vipe.com,Technology,52 Briar Crest Trail,Lille,59000,France
417,Digitube,338-926-6898,contact@digitube.com,n/a,0302 Tony Pass,Nantes,44000,France
418,Eayo,581-688-0664,contact@eayo.com,Consumer Services,7 Paget Street,Nantes,44000,France
419,Buzzdog,318-972-5962,contact@buzzdog.com,n/a,91568 Old Shore Point,Nantes,44000,France
420,Flipstorm,712-272-2090,contact@flipstorm.com,Technology,41 Ridgeview Park,Lille,59000,France
421,Twimm,567-444-3568,contact@twimm.com,Basic Industries,6067 Emmet Way,Rennes,35000,France
422,Twitterlist,786-335-0863,contact@twitterlist.com,n/a,479 Carpenter Junction,Nantes,44000,France
423,Jetpulse,686-123-5813,contact@jetpulse.com,n/a,7 Arizona Alley,Lille,59000,France
424,Yakijo,887-289-6870,contact@yakijo.com,Consumer Services,5888 Evergreen Avenue,Lille,59000,France
425,Skinte,198-267-3308,contact@skinte.com,n/a,337 Fulton Road,Paris,75000,France
426,Meeveo,881-886-0501,contact@meeveo.com,n/a,77 Emmet Center,Lille,59000,France
427,Flashpoint,411-913-8600,contact@flashpoint.com,Consumer Non-Durables,076 Ridge Oak Alley,Paris,75000,France
428,Avamm,816-604-0048,contact@avamm.com,Consumer Services,5 Calypso Trail,Rennes,35000,France
429,Buzzbean,584-109-3482,contact@buzzbean.com,Technology,9 Brown Drive,Rennes,35000,France
430,Yombu,299-223-3991,contact@yombu.com,Capital Goods,0568 Rusk Court,Paris,75000,France
431,Jayo,435-630-2004,contact@jayo.com,Technology,42772 Cascade Street,Lille,59000,France
432,Muxo,964-546-6938,contact@muxo.com,Public Utilities,86 Oxford Circle,Paris,75000,France
433,Jaxspan,211-252-7593,contact@jaxspan.com,Capital Goods,8674 Schiller Center,Nantes,44000,France
434,Yozio,628-851-3578,contact@yozio.com,Consumer Services,10890 School Place,Lille,59000,France
435,Divanoodle,767-182-6247,contact@divanoodle.com,Consumer Services,9 Main Way,Nantes,44000,France
436,Voolith,850-430-0100,contact@voolith.com,Technology,18003 Kennedy Circle,Lille,59000,France
437,Photobug,611-738-0679,contact@photobug.com,Finance,717 Butterfield Plaza,Paris,75000,France
438,Meezzy,750-807-1986,contact@meezzy.com,n/a,8498 Rowland Way,Nantes,44000,France
439,Jabbersphere,697-757-3936,contact@jabbersphere.com,Miscellaneous,0652 Oakridge Way,Lille,59000,France
440,Aivee,881-119-6850,contact@aivee.com,Health Care,95 Truax Avenue,Paris,75000,France
441,Meeveo,548-485-7669,contact@meeveo.com,Basic Industries,2 Reindahl Crossing,Nantes,44000,France
442,Wikizz,848-920-5280,contact@wikizz.com,n/a,43162 Vermont Park,Nantes,44000,France
443,Browsezoom,315-172-6573,contact@browsezoom.com,Basic Industries,674 Elka Drive,Nantes,44000,France
444,Dabvine,865-620-3653,contact@dabvine.com,Consumer Services,4 Dayton Circle,Lille,59000,France
445,Blogtags,816-957-3863,contact@blogtags.com,Health Care,96 Nevada Alley,Nantes,44000,France
446,Aimbu,502-948-1298,contact@aimbu.com,n/a,9 Nova Alley,Lille,59000,France
447,Myworks,372-277-6294,contact@myworks.com,n/a,1 Sullivan Pass,Paris,75000,France
448,JumpXS,824-864-4894,contact@jumpxs.com,n/a,2959 Leroy Trail,Paris,75000,France
449,Demizz,931-758-7506,contact@demizz.com,n/a,666 Charing Cross Lane,Lille,59000,France
450,Skidoo,763-833-6021,contact@skidoo.com,Basic Industries,65 Lakewood Circle,Rennes,35000,France
451,Kimia,492-438-2639,contact@kimia.com,Transportation,650 Red Cloud Lane,Nantes,44000,France
452,Demivee,491-649-8978,contact@demivee.com,n/a,02 Scofield Crossing,Paris,75000,France
453,Geba,366-208-7791,contact@geba.com,Finance,1 Eliot Plaza,Rennes,35000,France
454,Voolia,503-451-1430,contact@voolia.com,Health Care,7939 Graceland Center,Nantes,44000,France
455,Bubblebox,856-223-4064,contact@bubblebox.com,Consumer Non-Durables,1836 Forest Dale Court,Rennes,35000,France
456,Jaloo,179-102-0393,contact@jaloo.com,Finance,84328 Havey Center,Rennes,35000,France
457,Gabtune,696-574-8836,contact@gabtune.com,n/a,9977 Helena Terrace,Rennes,35000,France
458,Tagchat,891-641-7010,contact@tagchat.com,n/a,5 Arapahoe Park,Paris,75000,France
459,Yacero,148-944-3002,contact@yacero.com,Health Care,55411 Canary Way,Lille,59000,France
460,Quire,575-459-6445,contact@quire.com,Technology,02 Ilene Court,Paris,75000,France
461,Kayveo,439-971-1026,contact@kayveo.com,Capital Goods,55 David Terrace,Rennes,35000,France
462,Layo,396-301-4790,contact@layo.com,Finance,03557 Maple Point,Paris,75000,France
463,Zooxo,379-946-9502,contact@zooxo.com,Miscellaneous,399 Stone Corner Parkway,Rennes,35000,France
464,Jamia,812-109-7030,contact@jamia.com,n/a,4539 Spaight Junction,Lille,59000,France
465,Twitterlist,145-360-8643,contact@twitterlist.com,Consumer Non-Durables,50398 Kipling Alley,Rennes,35000,France
466,Ntags,590-342-5619,contact@ntags.com,Finance,1 Kennedy Road,Paris,75000,France
467,Ailane,188-379-5432,contact@ailane.com,n/a,7 Kim Way,Paris,75000,France
468,Meembee,551-408-3693,contact@meembee.com,Public Utilities,07 Prairie Rose Trail,Lille,59000,France
469,Jetpulse,746-856-9741,contact@jetpulse.com,Miscellaneous,82 Tennessee Hill,Lille,59000,France
470,Meetz,339-262-9728,contact@meetz.com,Consumer Non-Durables,3200 Rieder Avenue,Rennes,35000,France
471,Photobug,146-109-3573,contact@photobug.com,n/a,26335 La Follette Trail,Nantes,44000,France
472,Livetube,451-644-1537,contact@livetube.com,Technology,2081 Main Drive,Rennes,35000,France
473,Realbuzz,410-225-6406,contact@realbuzz.com,Public Utilities,32 Iowa Court,Paris,75000,France
474,Trilia,920-874-9306,contact@trilia.com,n/a,06505 Canary Parkway,Rennes,35000,France
475,Rooxo,824-564-9206,contact@rooxo.com,n/a,0296 Artisan Park,Lille,59000,France
476,Quamba,968-949-2334,contact@quamba.com,Capital Goods,87916 Stuart Park,Rennes,35000,France
477,Wikivu,752-330-7579,contact@wikivu.com,Finance,6 Lindbergh Crossing,Paris,75000,France
478,Wikibox,867-650-2021,contact@wikibox.com,Consumer Non-Durables,1859 Laurel Terrace,Nantes,44000,France
479,Pixope,123-929-7720,contact@pixope.com,n/a,568 Burrows Crossing,Nantes,44000,France
480,Oyope,690-990-6502,contact@oyope.com,Energy,71668 Veith Crossing,Lille,59000,France
481,Ooba,898-544-1394,contact@ooba.com,Health Care,8418 Warner Junction,Lille,59000,France
482,Yombu,800-125-3438,contact@yombu.com,n/a,6 Fremont Park,Rennes,35000,France
483,Leenti,625-948-8762,contact@leenti.com,Health Care,4 Service Crossing,Rennes,35000,France
484,Lajo,526-700-5336,contact@lajo.com,Finance,742 La Follette Junction,Paris,75000,France
485,Twimbo,413-796-1671,contact@twimbo.com,Public Utilities,53 Sutherland Terrace,Paris,75000,France
486,Jabbersphere,174-187-3607,contact@jabbersphere.com,Basic Industries,1 Lunder Way,Paris,75000,France
487,Vipe,770-552-2367,contact@vipe.com,Health Care,8818 Parkside Alley,Rennes,35000,France
488,Jabbersphere,157-187-0872,contact@jabbersphere.com,Consumer Services,65861 Duke Road,Rennes,35000,France
489,Brightbean,528-123-5445,contact@brightbean.com,Consumer Non-Durables,8838 2nd Place,Nantes,44000,France
490,Cogidoo,410-169-8077,contact@cogidoo.com,Public Utilities,5 Jackson Alley,Nantes,44000,France
491,Oozz,129-393-0435,contact@oozz.com,Public Utilities,5 Wayridge Drive,Lille,59000,France
492,Brainverse,616-762-4612,contact@brainverse.com,n/a,626 Hermina Junction,Lille,59000,France
493,Zava,626-240-5648,contact@zava.com,n/a,39 Green Parkway,Paris,75000,France
494,Yakidoo,528-107-9379,contact@yakidoo.com,Finance,18586 Kennedy Parkway,Lille,59000,France
495,Tagfeed,816-971-9510,contact@tagfeed.com,Health Care,7 Straubel Hill,Lille,59000,France
496,Skyble,230-899-0733,contact@skyble.com,n/a,218 Nancy Parkway,Paris,75000,France
497,Tekfly,765-647-0469,contact@tekfly.com,Capital Goods,15 Spenser Parkway,Rennes,35000,France
498,Jatri,604-362-6447,contact@jatri.com,Finance,931 Harper Point,Rennes,35000,France
499,Fiveclub,700-431-5629,contact@fiveclub.com,Health Care,54779 Linden Point,Rennes,35000,France
500,Voolith,496-892-4108,contact@voolith.com,Consumer Services,79 Nelson Road,Nantes,44000,France
501,Fivebridge,414-562-8425,contact@fivebridge.com,Consumer Non-Durables,20 Hoepker Avenue,Paris,75000,France
502,Flipbug,670-248-3806,contact@flipbug.com,Basic Industries,852 Park Meadow Drive,Rennes,35000,France
503,Dynabox,317-136-3973,contact@dynabox.com,n/a,296 John Wall Crossing,Nantes,44000,France
504,Cogilith,890-848-0667,contact@cogilith.com,Health Care,81496 Carpenter Park,Nantes,44000,France
505,Zoombox,998-889-8870,contact@zoombox.com,Public Utilities,2 Union Center,Paris,75000,France
506,Twimbo,161-754-7320,contact@twimbo.com,Finance,18 Rowland Road,Paris,75000,France
507,Yambee,344-802-6039,contact@yambee.com,Health Care,007 Melrose Lane,Lille,59000,France
508,Flipbug,454-688-2302,contact@flipbug.com,Energy,59 Vermont Circle,Rennes,35000,France
509,Fivechat,872-895-9987,contact@fivechat.com,n/a,51987 Havey Avenue,Paris,75000,France
510,Gevee,125-476-1610,contact@gevee.com,Technology,4 Mitchell Plaza,Lille,59000,France
511,Kamba,178-813-2124,contact@kamba.com,Finance,39256 Arapahoe Court,Rennes,35000,France
512,Leexo,218-680-5553,contact@leexo.com,n/a,7 Almo Circle,Lille,59000,France
513,Dynabox,192-276-0022,contact@dynabox.com,Basic Industries,3663 Debs Road,Nantes,44000,France
514,Shufflester,892-502-4992,contact@shufflester.com,Miscellaneous,227 Arapahoe Pass,Nantes,44000,France
515,Kwimbee,578-246-3182,contact@kwimbee.com,Public Utilities,8 Old Gate Trail,Lille,59000,France
516,Oyoyo,131-605-1431,contact@oyoyo.com,n/a,37680 Carberry Alley,Paris,75000,France
517,Brainverse,454-964-1730,contact@brainverse.com,Consumer Services,51 Twin Pines Alley,Lille,59000,France
518,Brainlounge,503-181-5819,contact@brainlounge.com,Finance,4279 Dorton Street,Nantes,44000,France
519,Twinte,423-670-5315,contact@twinte.com,Consumer Non-Durables,260 Moose Lane,Lille,59000,France
520,Skynoodle,167-792-4360,contact@skynoodle.com,Consumer Services,08 Morningstar Pass,Lille,59000,France
521,Skivee,156-225-3468,contact@skivee.com,Finance,47 Crescent Oaks Hill,Paris,75000,France
522,Skyndu,248-318-1767,contact@skyndu.com,n/a,69893 Raven Road,Rennes,35000,France
523,Eayo,147-743-6734,contact@eayo.com,Transportation,050 Grayhawk Crossing,Nantes,44000,France
524,Devbug,923-836-3246,contact@devbug.com,Energy,39116 Bunker Hill Hill,Nantes,44000,France
525,Katz,607-761-6373,contact@katz.com,n/a,582 Stephen Hill,Paris,75000,France
526,Skaboo,104-391-5986,contact@skaboo.com,Finance,50576 Messerschmidt Point,Rennes,35000,France
527,Realpoint,102-915-9285,contact@realpoint.com,Finance,4391 Killdeer Circle,Nantes,44000,France
528,Quamba,208-914-0309,contact@quamba.com,Finance,7556 Dennis Pass,Rennes,35000,France
529,Browsetype,467-837-8114,contact@browsetype.com,Consumer Services,8170 Roxbury Park,Lille,59000,France
530,Kwideo,830-117-9564,contact@kwideo.com,Consumer Services,27 Merry Center,Lille,59000,France
531,Brainsphere,329-548-3343,contact@brainsphere.com,Capital Goods,733 David Alley,Rennes,35000,France
532,Skalith,319-998-8105,contact@skalith.com,Capital Goods,1 Del Mar Circle,Rennes,35000,France
533,Photobug,765-756-7292,contact@photobug.com,Public Utilities,29296 Truax Street,Rennes,35000,France
534,Oyoba,653-364-7560,contact@oyoba.com,Consumer Durables,69 Blaine Terrace,Nantes,44000,France
535,Avamba,613-829-0942,contact@avamba.com,Finance,012 Randy Drive,Paris,75000,France
536,Bluezoom,987-758-5020,contact@bluezoom.com,Technology,29 Southridge Lane,Rennes,35000,France
537,Gabvine,346-634-2261,contact@gabvine.com,Consumer Services,2 Shoshone Junction,Rennes,35000,France
538,Demivee,659-125-1220,contact@demivee.com,Public Utilities,414 Troy Center,Nantes,44000,France
539,Browsecat,931-123-0783,contact@browsecat.com,n/a,56134 Banding Way,Nantes,44000,France
540,Yozio,993-943-5983,contact@yozio.com,n/a,3439 Crest Line Street,Lille,59000,France
541,Wikivu,153-835-9215,contact@wikivu.com,Finance,0017 Cambridge Street,Paris,75000,France
542,Dabshots,106-187-6998,contact@dabshots.com,Energy,85 Southridge Way,Lille,59000,France
543,Shuffletag,357-158-7273,contact@shuffletag.com,Capital Goods,03590 Mesta Avenue,Rennes,35000,France
544,Thoughtbridge,517-395-4192,contact@thoughtbridge.com,Miscellaneous,8344 Hanson Drive,Lille,59000,France
545,Voomm,446-903-4749,contact@voomm.com,Consumer Services,4840 Hansons Parkway,Lille,59000,France
546,Vidoo,331-306-8896,contact@vidoo.com,n/a,9 Hanover Crossing,Nantes,44000,France
547,Avaveo,106-517-0994,contact@avaveo.com,Health Care,390 Maple Road,Lille,59000,France
548,Wordify,983-799-3510,contact@wordify.com,Transportation,9526 Forest Park,Paris,75000,France
549,Jabbertype,831-589-5216,contact@jabbertype.com,Consumer Services,5890 Hallows Trail,Lille,59000,France
550,Babbleset,567-195-5098,contact@babbleset.com,Technology,8 Scott Crossing,Rennes,35000,France
551,Photojam,790-315-9021,contact@photojam.com,Health Care,8 Mcguire Hill,Rennes,35000,France
552,Quire,964-607-4670,contact@quire.com,n/a,08138 Cody Crossing,Rennes,35000,France
553,Yamia,923-102-0990,contact@yamia.com,Finance,12 Westend Place,Paris,75000,France
554,Oozz,597-497-8667,contact@oozz.com,Consumer Services,923 Logan Point,Nantes,44000,France
555,Oyonder,264-576-7198,contact@oyonder.com,Basic Industries,0420 Oak Parkway,Rennes,35000,France
556,Ntag,111-691-7373,contact@ntag.com,Consumer Services,734 Burrows Point,Paris,75000,France
557,Flipstorm,956-118-8364,contact@flipstorm.com,Finance,4830 Forster Parkway,Paris,75000,France
558,Yambee,517-105-1326,contact@yambee.com,Finance,9103 Redwing Parkway,Paris,75000,France
559,Topicshots,424-174-1240,contact@topicshots.com,Health Care,58208 Northridge Avenue,Lille,59000,France
560,Mynte,696-952-5168,contact@mynte.com,Consumer Durables,85 Sunnyside Junction,Paris,75000,France
561,Yacero,758-914-9171,contact@yacero.com,Health Care,5376 Kingsford Avenue,Nantes,44000,France
562,Dynabox,274-269-4459,contact@dynabox.com,Consumer Services,867 Sutteridge Lane,Paris,75000,France
563,Babbleblab,529-403-5577,contact@babbleblab.com,Finance,77533 Milwaukee Trail,Lille,59000,France
564,Dabvine,472-857-5406,contact@dabvine.com,Health Care,5 Maple Trail,Lille,59000,France
565,Riffwire,826-724-1600,contact@riffwire.com,Public Utilities,3 Golden Leaf Plaza,Lille,59000,France
566,Quinu,679-195-1757,contact@quinu.com,Technology,5 Carioca Plaza,Rennes,35000,France
567,Buzzdog,534-642-0878,contact@buzzdog.com,Health Care,6 Rieder Avenue,Paris,75000,France
568,Skyvu,929-779-1912,contact@skyvu.com,Capital Goods,61 Maple Plaza,Rennes,35000,France
569,Twitterbridge,146-685-0352,contact@twitterbridge.com,Energy,414 Bartelt Drive,Paris,75000,France
570,Flipstorm,214-484-0167,contact@flipstorm.com,Transportation,45 Weeping Birch Trail,Paris,75000,France
571,Ailane,828-103-3214,contact@ailane.com,Miscellaneous,678 Shopko Point,Rennes,35000,France
572,Wikido,548-606-9009,contact@wikido.com,Finance,97 Eagle Crest Terrace,Paris,75000,France
573,Lazzy,355-558-7980,contact@lazzy.com,Health Care,7419 Fisk Road,Rennes,35000,France
574,Mybuzz,763-182-4227,contact@mybuzz.com,Technology,088 Maryland Plaza,Nantes,44000,France
575,Mynte,995-850-9578,contact@mynte.com,Health Care,78 Hansons Circle,Nantes,44000,France
576,Thoughtmix,598-359-4626,contact@thoughtmix.com,Finance,246 Fairfield Trail,Lille,59000,France
577,Twimbo,553-531-1014,contact@twimbo.com,Consumer Services,3 Mockingbird Point,Nantes,44000,France
578,Quire,458-808-1958,contact@quire.com,Health Care,523 Manitowish Terrace,Paris,75000,France
579,Voonder,739-972-2555,contact@voonder.com,Consumer Services,0594 Eagan Lane,Lille,59000,France
580,Kaymbo,645-994-4738,contact@kaymbo.com,n/a,87 Division Park,Nantes,44000,France
581,Avamba,839-494-8065,contact@avamba.com,Finance,41 Maryland Drive,Rennes,35000,France
582,Tazz,524-927-6499,contact@tazz.com,n/a,97014 Lake View Trail,Lille,59000,France
583,Gigabox,741-456-5299,contact@gigabox.com,n/a,9396 Twin Pines Park,Lille,59000,France
584,Jabberbean,710-868-9427,contact@jabberbean.com,Technology,88 Swallow Pass,Lille,59000,France
585,Mynte,901-622-6708,contact@mynte.com,Basic Industries,13726 Upham Center,Lille,59000,France
586,Photofeed,264-196-7293,contact@photofeed.com,n/a,627 Arrowood Hill,Paris,75000,France
587,Tagchat,257-916-4332,contact@tagchat.com,Health Care,69 Birchwood Plaza,Rennes,35000,France
588,Kamba,964-695-3749,contact@kamba.com,n/a,15 David Court,Paris,75000,France
589,Myworks,841-290-3913,contact@myworks.com,Public Utilities,87382 Badeau Terrace,Lille,59000,France
590,Browseblab,800-743-9301,contact@browseblab.com,Consumer Services,0 Anhalt Parkway,Nantes,44000,France
591,Thoughtsphere,640-893-1474,contact@thoughtsphere.com,n/a,7086 Morning Plaza,Paris,75000,France
592,Talane,405-569-7826,contact@talane.com,n/a,30721 Mayfield Street,Rennes,35000,France
593,Yambee,507-214-6447,contact@yambee.com,Health Care,499 Summer Ridge Point,Nantes,44000,France
594,Pixonyx,467-291-0553,contact@pixonyx.com,Transportation,1 Nova Drive,Nantes,44000,France
595,Jazzy,120-867-8422,contact@jazzy.com,Energy,482 Doe Crossing Lane,Rennes,35000,France
596,Avavee,315-260-2403,contact@avavee.com,Technology,099 Schmedeman Center,Paris,75000,France
597,Zava,356-657-2740,contact@zava.com,Finance,8 Johnson Terrace,Paris,75000,France
598,Skyvu,402-215-5785,contact@skyvu.com,Technology,7 Ludington Parkway,Lille,59000,France
599,Eidel,523-304-4004,contact@eidel.com,Technology,44 Talisman Trail,Nantes,44000,France
600,Zoozzy,397-882-1121,contact@zoozzy.com,Technology,6946 Ridgeview Junction,Paris,75000,France
601,Jabberbean,509-390-7795,contact@jabberbean.com,Energy,5717 Rowland Way,Rennes,35000,France
602,Buzzbean,294-297-9281,contact@buzzbean.com,Technology,148 6th Avenue,Paris,75000,France
603,Youfeed,894-819-2865,contact@youfeed.com,n/a,609 Hoard Way,Nantes,44000,France
604,Avamm,467-364-7832,contact@avamm.com,Health Care,5988 Raven Park,Paris,75000,France
605,Roodel,810-959-9765,contact@roodel.com,Transportation,98709 Pearson Terrace,Rennes,35000,France
606,Photojam,316-973-5454,contact@photojam.com,Finance,786 Dakota Way,Rennes,35000,France
607,Gigabox,925-683-1701,contact@gigabox.com,Technology,2582 Blackbird Court,Rennes,35000,France
608,Trudeo,489-424-9049,contact@trudeo.com,n/a,3226 Thompson Hill,Paris,75000,France
609,Blogspan,471-939-6013,contact@blogspan.com,Transportation,8 Fremont Center,Paris,75000,France
610,Quire,867-706-7592,contact@quire.com,n/a,127 Bobwhite Park,Paris,75000,France
611,Realpoint,142-644-1019,contact@realpoint.com,n/a,2010 Laurel Terrace,Rennes,35000,France
612,Jaxbean,834-339-6457,contact@jaxbean.com,Capital Goods,4 Bunker Hill Pass,Paris,75000,France
613,Meedoo,397-161-9502,contact@meedoo.com,Finance,49039 Graceland Center,Rennes,35000,France
614,Trilia,212-337-9444,contact@trilia.com,Consumer Services,00713 Everett Plaza,Rennes,35000,France
615,Vitz,690-798-4123,contact@vitz.com,Technology,18 Union Street,Lille,59000,France
616,Blogtag,186-730-8173,contact@blogtag.com,Basic Industries,014 Tony Drive,Lille,59000,France
617,Katz,839-103-9832,contact@katz.com,Health Care,25 Aberg Point,Lille,59000,France
618,Realfire,277-422-6832,contact@realfire.com,Consumer Services,24658 Thackeray Alley,Paris,75000,France
619,Mycat,327-872-9367,contact@mycat.com,n/a,2210 Scoville Park,Nantes,44000,France
620,Twitterlist,256-649-1096,contact@twitterlist.com,Technology,8677 Vidon Drive,Rennes,35000,France
621,Riffpedia,686-597-7058,contact@riffpedia.com,Energy,55407 Warbler Junction,Paris,75000,France
622,Mymm,365-997-0235,contact@mymm.com,Finance,8 Texas Terrace,Paris,75000,France
623,Photobug,547-841-3870,contact@photobug.com,Consumer Services,33 Bonner Court,Nantes,44000,France
624,Plajo,315-961-1584,contact@plajo.com,Finance,6464 Butternut Crossing,Paris,75000,France
625,Quaxo,279-971-7492,contact@quaxo.com,n/a,72948 Kennedy Park,Paris,75000,France
626,Brightbean,776-213-5376,contact@brightbean.com,Transportation,2 Sloan Drive,Paris,75000,France
627,Wordify,987-280-7602,contact@wordify.com,Finance,21 Esch Hill,Lille,59000,France
628,Rhynyx,273-699-1885,contact@rhynyx.com,Consumer Services,10 Pond Crossing,Rennes,35000,France
629,Skalith,742-571-5885,contact@skalith.com,Consumer Services,34 Hanover Plaza,Paris,75000,France
630,Kazio,989-200-4614,contact@kazio.com,Consumer Services,51004 Saint Paul Crossing,Lille,59000,France
631,Flipbug,314-850-4974,contact@flipbug.com,Technology,61885 Johnson Road,Lille,59000,France
632,Cogilith,359-219-3359,contact@cogilith.com,Consumer Services,2 David Road,Paris,75000,France
633,Podcat,711-660-1732,contact@podcat.com,Capital Goods,79 Corben Road,Paris,75000,France
634,Twimm,906-663-9170,contact@twimm.com,Transportation,2 Merry Junction,Nantes,44000,France
635,Divape,190-152-2558,contact@divape.com,Basic Industries,0 Shelley Road,Lille,59000,France
636,Brightbean,281-978-5206,contact@brightbean.com,Health Care,894 Declaration Avenue,Rennes,35000,France
637,Edgewire,359-813-1272,contact@edgewire.com,Miscellaneous,8009 Lukken Pass,Nantes,44000,France
638,Trudeo,343-335-1306,contact@trudeo.com,Technology,29 Leroy Trail,Rennes,35000,France
639,Gabvine,695-525-9174,contact@gabvine.com,Miscellaneous,362 Monterey Way,Paris,75000,France
640,Trilia,383-792-0277,contact@trilia.com,n/a,39890 Aberg Terrace,Nantes,44000,France
641,Gigashots,252-870-2192,contact@gigashots.com,n/a,8 Southridge Road,Paris,75000,France
642,Yodel,490-264-6107,contact@yodel.com,Finance,43097 Corry Alley,Nantes,44000,France
643,Flipstorm,972-726-8807,contact@flipstorm.com,Public Utilities,334 Hanson Road,Nantes,44000,France
644,Edgeify,342-389-7685,contact@edgeify.com,Basic Industries,0 Fuller Lane,Rennes,35000,France
645,Yodo,930-779-1154,contact@yodo.com,n/a,368 Gerald Court,Rennes,35000,France
646,Dabvine,796-288-5345,contact@dabvine.com,Finance,10 Morrow Crossing,Paris,75000,France
647,Bubbletube,234-986-1933,contact@bubbletube.com,Health Care,4510 Merchant Court,Lille,59000,France
648,Mydo,247-572-1412,contact@mydo.com,Technology,8561 Fremont Way,Rennes,35000,France
649,Jaxworks,759-545-3002,contact@jaxworks.com,Energy,5313 Pearson Lane,Lille,59000,France
650,Voonix,119-761-8250,contact@voonix.com,Finance,9 Anniversary Terrace,Rennes,35000,France
651,Camido,272-812-5002,contact@camido.com,n/a,411 Carberry Court,Lille,59000,France
652,Mybuzz,281-874-9699,contact@mybuzz.com,Technology,95 Northport Center,Nantes,44000,France
653,Gigabox,151-574-8595,contact@gigabox.com,Technology,45504 Dunning Hill,Lille,59000,France
654,Eayo,277-940-7241,contact@eayo.com,Energy,54 Susan Drive,Lille,59000,France
655,Tagfeed,428-206-3137,contact@tagfeed.com,Transportation,65 Melrose Avenue,Nantes,44000,France
656,Avamba,591-151-8174,contact@avamba.com,n/a,87 Quincy Crossing,Nantes,44000,France
657,Dabvine,935-911-5229,contact@dabvine.com,Finance,14574 Bayside Street,Rennes,35000,France
658,Edgeify,374-999-0004,contact@edgeify.com,Basic Industries,725 Fairview Parkway,Paris,75000,France
659,Lajo,558-936-2909,contact@lajo.com,Finance,0333 Tennessee Terrace,Lille,59000,France
660,Skyvu,492-704-1230,contact@skyvu.com,n/a,7 Pawling Court,Nantes,44000,France
661,Tazz,141-241-6898,contact@tazz.com,n/a,1 Bobwhite Circle,Lille,59000,France
662,Avavee,411-916-5898,contact@avavee.com,Consumer Services,71254 Rusk Hill,Nantes,44000,France
663,Dabvine,410-901-4172,contact@dabvine.com,n/a,6116 Hanson Point,Lille,59000,France
664,Kayveo,335-448-8118,contact@kayveo.com,Consumer Non-Durables,71 Spenser Parkway,Lille,59000,France
665,Photojam,446-210-7485,contact@photojam.com,n/a,7519 Pearson Lane,Rennes,35000,France
666,Kare,778-348-8789,contact@kare.com,Basic Industries,146 Golf Court,Nantes,44000,France
667,Omba,516-214-0929,contact@omba.com,Basic Industries,3 Magdeline Pass,Paris,75000,France
668,Yamia,345-553-2636,contact@yamia.com,Finance,7734 Burning Wood Drive,Rennes,35000,France
669,Layo,280-912-3212,contact@layo.com,Capital Goods,6032 Superior Street,Nantes,44000,France
670,Camimbo,228-483-5067,contact@camimbo.com,Energy,715 Warrior Drive,Rennes,35000,France
671,Jaxnation,422-543-5721,contact@jaxnation.com,Consumer Durables,07 Corscot Street,Paris,75000,France
672,Avavee,979-561-1159,contact@avavee.com,Finance,0 Hollow Ridge Point,Paris,75000,France
673,Zoomzone,392-897-7347,contact@zoomzone.com,Finance,584 Gateway Drive,Lille,59000,France
674,Devpoint,756-211-8699,contact@devpoint.com,Finance,913 Mifflin Road,Nantes,44000,France
675,Thoughtsphere,804-789-0587,contact@thoughtsphere.com,Capital Goods,2742 Schiller Lane,Rennes,35000,France
676,Rhynyx,668-395-1951,contact@rhynyx.com,Consumer Services,23567 Jay Park,Lille,59000,France
677,Quinu,819-102-3406,contact@quinu.com,Technology,8 Stoughton Way,Lille,59000,France
678,Gabvine,899-736-9243,contact@gabvine.com,n/a,84426 Sachtjen Avenue,Lille,59000,France
679,Flipopia,102-663-4422,contact@flipopia.com,Finance,7 Maryland Plaza,Nantes,44000,France
680,Camimbo,958-981-7404,contact@camimbo.com,Finance,3 Lyons Plaza,Lille,59000,France
681,Gabtype,490-417-7252,contact@gabtype.com,Capital Goods,0866 Eggendart Trail,Nantes,44000,France
682,Thoughtblab,662-397-7707,contact@thoughtblab.com,Consumer Services,589 Goodland Park,Rennes,35000,France
683,Eazzy,241-931-2513,contact@eazzy.com,n/a,03723 Northridge Point,Nantes,44000,France
684,Pixope,978-814-7566,contact@pixope.com,Health Care,03008 Florence Drive,Paris,75000,France
685,Muxo,768-811-9884,contact@muxo.com,Finance,72068 Toban Center,Lille,59000,France
686,Eazzy,865-262-4581,contact@eazzy.com,n/a,3725 Di Loreto Road,Nantes,44000,France
687,Babblestorm,903-858-4156,contact@babblestorm.com,Technology,9491 Comanche Drive,Nantes,44000,France
688,Youfeed,324-727-0894,contact@youfeed.com,Health Care,7 Tomscot Court,Paris,75000,France
689,Flashpoint,232-890-3314,contact@flashpoint.com,Capital Goods,414 Stephen Court,Nantes,44000,France
690,Minyx,930-307-9268,contact@minyx.com,Finance,47 Spenser Way,Lille,59000,France
691,Browsedrive,751-611-0771,contact@browsedrive.com,Capital Goods,9222 Almo Drive,Nantes,44000,France
692,Gabtype,400-767-6583,contact@gabtype.com,n/a,5 Chinook Crossing,Nantes,44000,France
693,Kanoodle,581-612-8670,contact@kanoodle.com,n/a,483 Carpenter Lane,Paris,75000,France
694,Meezzy,985-988-7345,contact@meezzy.com,Finance,1259 Spenser Road,Nantes,44000,France
695,Aivee,397-487-3248,contact@aivee.com,Health Care,5040 Ridge Oak Lane,Rennes,35000,France
696,Rooxo,272-202-9364,contact@rooxo.com,n/a,60 Glacier Hill Point,Nantes,44000,France
697,Tavu,632-742-9110,contact@tavu.com,Energy,43 Beilfuss Trail,Rennes,35000,France
698,Quimm,493-350-7773,contact@quimm.com,Consumer Durables,98 Shasta Plaza,Lille,59000,France
699,Tagtune,174-543-6317,contact@tagtune.com,Health Care,6760 Warner Road,Paris,75000,France
700,Plambee,641-476-4467,contact@plambee.com,Finance,8 Hauk Court,Lille,59000,France
701,Eamia,248-557-3970,contact@eamia.com,Capital Goods,5 Troy Park,Nantes,44000,France
702,Youspan,519-916-5886,contact@youspan.com,Consumer Non-Durables,90949 Lukken Crossing,Paris,75000,France
703,Dabvine,352-625-5666,contact@dabvine.com,Transportation,1813 Elgar Parkway,Lille,59000,France
704,Skinte,883-678-0212,contact@skinte.com,n/a,6 Farmco Avenue,Rennes,35000,France
705,Kayveo,585-413-5531,contact@kayveo.com,Technology,278 Manley Parkway,Rennes,35000,France
706,Aimbo,131-290-5650,contact@aimbo.com,n/a,3 Corry Way,Rennes,35000,France
707,Yata,533-841-6770,contact@yata.com,Miscellaneous,44882 Sugar Point,Lille,59000,France
708,Muxo,821-884-1707,contact@muxo.com,Public Utilities,1 Rieder Street,Rennes,35000,France
709,Trudeo,945-516-1190,contact@trudeo.com,Consumer Services,6 Milwaukee Trail,Paris,75000,France
710,Skivee,579-795-3504,contact@skivee.com,Capital Goods,50 Golf Plaza,Lille,59000,France
711,Oyoyo,135-725-6400,contact@oyoyo.com,n/a,7488 Hoepker Parkway,Paris,75000,France
712,Rhybox,796-652-8699,contact@rhybox.com,Health Care,80853 Waxwing Center,Lille,59000,France
713,Photofeed,242-311-8799,contact@photofeed.com,n/a,85 Derek Alley,Lille,59000,France
714,Gabvine,951-446-0077,contact@gabvine.com,Health Care,5 Roxbury Drive,Paris,75000,France
715,Zoomcast,510-634-8016,contact@zoomcast.com,Consumer Non-Durables,13012 Merchant Circle,Nantes,44000,France
716,Topdrive,947-786-9858,contact@topdrive.com,Health Care,059 Southridge Junction,Rennes,35000,France
717,Katz,314-241-9885,contact@katz.com,Consumer Services,69 Darwin Alley,Paris,75000,France
718,Voolia,475-550-5941,contact@voolia.com,Finance,1 Hudson Trail,Rennes,35000,France
719,Yakijo,495-402-6629,contact@yakijo.com,Health Care,661 Valley Edge Hill,Rennes,35000,France
720,Youtags,908-208-8021,contact@youtags.com,Consumer Services,11298 Meadow Vale Point,Lille,59000,France
721,Zazio,772-988-9832,contact@zazio.com,Health Care,14 Southridge Trail,Lille,59000,France
722,Edgetag,904-443-0742,contact@edgetag.com,n/a,70 Forest Run Terrace,Nantes,44000,France
723,Trunyx,460-841-1129,contact@trunyx.com,Technology,84387 Kingsford Park,Lille,59000,France
724,Kazu,181-362-4513,contact@kazu.com,Consumer Non-Durables,718 Jana Place,Paris,75000,France
725,Twitternation,357-559-5445,contact@twitternation.com,Consumer Services,384 Summit Lane,Nantes,44000,France
726,Oyoyo,989-764-6798,contact@oyoyo.com,Finance,167 Lawn Avenue,Nantes,44000,France
727,Blogspan,889-993-8367,contact@blogspan.com,Public Utilities,4 Columbus Park,Paris,75000,France
728,Youbridge,235-565-0628,contact@youbridge.com,n/a,2424 Graceland Point,Rennes,35000,France
729,Jamia,691-775-7130,contact@jamia.com,n/a,440 Brickson Park Pass,Paris,75000,France
730,Youspan,213-664-6349,contact@youspan.com,Technology,134 Goodland Road,Paris,75000,France
731,Skibox,527-908-1993,contact@skibox.com,Capital Goods,2 Erie Alley,Paris,75000,France
732,Meezzy,681-387-9898,contact@meezzy.com,Consumer Services,4 Dunning Terrace,Rennes,35000,France
733,Pixope,696-903-2350,contact@pixope.com,Capital Goods,239 Harbort Plaza,Lille,59000,France
734,Jaxworks,788-395-0320,contact@jaxworks.com,n/a,0769 Bellgrove Avenue,Lille,59000,France
735,Agimba,312-641-9362,contact@agimba.com,Capital Goods,7700 Welch Junction,Lille,59000,France
736,Tanoodle,752-822-5502,contact@tanoodle.com,Basic Industries,1 Texas Pass,Nantes,44000,France
737,Realfire,408-494-9964,contact@realfire.com,Consumer Non-Durables,9 Charing Cross Alley,Nantes,44000,France
738,Jabbercube,684-988-1591,contact@jabbercube.com,n/a,7126 Daystar Court,Nantes,44000,France
739,Tagpad,799-369-8975,contact@tagpad.com,Transportation,775 Fisk Court,Nantes,44000,France
740,Voonder,673-445-0141,contact@voonder.com,Finance,5087 Anhalt Place,Rennes,35000,France
741,Zoomzone,428-385-5628,contact@zoomzone.com,n/a,018 Ryan Terrace,Paris,75000,France
742,Jetwire,914-849-1738,contact@jetwire.com,Finance,3 Crownhardt Court,Rennes,35000,France
743,Fivebridge,338-982-2468,contact@fivebridge.com,n/a,5 Rowland Pass,Nantes,44000,France
744,Skinder,341-581-6213,contact@skinder.com,Consumer Services,9 Northport Drive,Paris,75000,France
745,Divape,378-146-8722,contact@divape.com,n/a,6 Clemons Drive,Lille,59000,France
746,Edgeclub,349-274-3467,contact@edgeclub.com,Consumer Services,9876 Haas Alley,Nantes,44000,France
747,Eayo,439-346-3927,contact@eayo.com,n/a,70 Nevada Terrace,Nantes,44000,France
748,Voolia,197-169-8186,contact@voolia.com,Finance,633 Cherokee Crossing,Rennes,35000,France
749,Browsedrive,600-821-0750,contact@browsedrive.com,Finance,348 1st Road,Lille,59000,France
750,Blogtags,268-355-7275,contact@blogtags.com,Consumer Services,20178 Rowland Crossing,Nantes,44000,France
751,Jayo,191-198-3105,contact@jayo.com,Public Utilities,50208 Glendale Parkway,Paris,75000,France
752,Skinix,736-354-0631,contact@skinix.com,Energy,739 Pine View Crossing,Paris,75000,France
753,Trudoo,666-957-9230,contact@trudoo.com,Consumer Services,8268 Texas Park,Paris,75000,France
754,Kwilith,554-307-4337,contact@kwilith.com,Technology,16 Waubesa Point,Paris,75000,France
755,Voonte,551-370-0193,contact@voonte.com,Finance,0 Autumn Leaf Place,Rennes,35000,France
756,Shuffledrive,433-411-3948,contact@shuffledrive.com,Basic Industries,20 Ronald Regan Way,Lille,59000,France
757,Brainlounge,583-102-8326,contact@brainlounge.com,Technology,13481 Bellgrove Lane,Nantes,44000,France
758,Edgepulse,807-872-6172,contact@edgepulse.com,Consumer Non-Durables,36 Westridge Circle,Paris,75000,France
759,Kamba,866-696-9984,contact@kamba.com,n/a,82 Kropf Pass,Paris,75000,France
760,Skinix,563-770-1791,contact@skinix.com,Energy,49526 Melrose Junction,Rennes,35000,France
761,Ooba,169-760-6232,contact@ooba.com,Finance,4666 Barnett Way,Lille,59000,France
762,Jetwire,441-871-4577,contact@jetwire.com,n/a,040 Rigney Crossing,Rennes,35000,France
763,Gigaclub,498-850-6568,contact@gigaclub.com,Health Care,48167 Toban Hill,Lille,59000,France
764,Brainsphere,253-447-7717,contact@brainsphere.com,Consumer Services,3597 Evergreen Parkway,Nantes,44000,France
765,Gabcube,717-429-1421,contact@gabcube.com,Capital Goods,8 Bay Street,Nantes,44000,France
766,Yodoo,733-155-2855,contact@yodoo.com,Transportation,7 Talisman Way,Nantes,44000,France
767,Roombo,306-924-0735,contact@roombo.com,n/a,753 Clarendon Hill,Lille,59000,France
768,Camimbo,448-615-3213,contact@camimbo.com,Health Care,06262 Maryland Hill,Paris,75000,France
769,Twitterwire,635-248-8169,contact@twitterwire.com,Health Care,05 Bultman Way,Nantes,44000,France
770,Mynte,942-205-8055,contact@mynte.com,Basic Industries,2713 Longview Trail,Lille,59000,France
771,Plambee,291-610-9168,contact@plambee.com,n/a,80669 Evergreen Pass,Lille,59000,France
772,Photobug,467-839-1809,contact@photobug.com,Transportation,7 Mallory Parkway,Lille,59000,France
773,Wordify,903-448-7274,contact@wordify.com,Finance,3092 Pond Circle,Rennes,35000,France
774,Janyx,478-950-7803,contact@janyx.com,n/a,65554 Orin Avenue,Nantes,44000,France
775,Livetube,863-926-0739,contact@livetube.com,Consumer Non-Durables,66130 Sullivan Street,Nantes,44000,France
776,Realbridge,128-325-5329,contact@realbridge.com,Transportation,93 Stoughton Crossing,Nantes,44000,France
777,Vimbo,520-248-9176,contact@vimbo.com,Health Care,5005 Vermont Avenue,Nantes,44000,France
778,Zoovu,765-543-9481,contact@zoovu.com,Finance,86920 Anhalt Circle,Paris,75000,France
779,Bluezoom,726-231-9279,contact@bluezoom.com,Energy,0893 Sommers Parkway,Lille,59000,France
780,Layo,427-707-7365,contact@layo.com,Technology,0 Twin Pines Circle,Nantes,44000,France
781,Kwilith,431-310-2324,contact@kwilith.com,Energy,0 Schurz Alley,Rennes,35000,France
782,Youspan,104-406-8090,contact@youspan.com,n/a,84019 Farragut Crossing,Lille,59000,France
783,Kwideo,305-823-8169,contact@kwideo.com,n/a,73 Moland Crossing,Paris,75000,France
784,Babblestorm,414-917-8243,contact@babblestorm.com,Health Care,464 Holmberg Plaza,Paris,75000,France
785,Gabcube,173-439-5399,contact@gabcube.com,Health Care,61 Lakewood Gardens Alley,Nantes,44000,France
786,Centizu,152-499-4361,contact@centizu.com,Health Care,5 Dovetail Park,Nantes,44000,France
787,Tagcat,813-848-1954,contact@tagcat.com,Consumer Services,90405 New Castle Court,Nantes,44000,France
788,Dablist,926-540-5339,contact@dablist.com,Energy,7 Manley Hill,Rennes,35000,France
789,Ntags,172-713-3268,contact@ntags.com,n/a,2658 Shopko Lane,Rennes,35000,France
790,Realblab,375-991-7152,contact@realblab.com,n/a,7914 Charing Cross Pass,Paris,75000,France
791,Thoughtblab,816-504-2511,contact@thoughtblab.com,n/a,485 Oakridge Center,Paris,75000,France
792,Photospace,890-547-3569,contact@photospace.com,n/a,6470 Lyons Avenue,Rennes,35000,France
793,Skiba,899-844-2258,contact@skiba.com,Capital Goods,982 High Crossing Circle,Lille,59000,France
794,Flashspan,971-511-8679,contact@flashspan.com,Consumer Non-Durables,80908 Sachs Pass,Nantes,44000,France
795,Fivechat,468-952-0318,contact@fivechat.com,Health Care,9 Sage Avenue,Rennes,35000,France
796,Linkbuzz,343-639-7792,contact@linkbuzz.com,n/a,263 Pankratz Alley,Rennes,35000,France
797,Livetube,420-618-9837,contact@livetube.com,n/a,46 Stuart Pass,Rennes,35000,France
798,Pixonyx,303-626-9588,contact@pixonyx.com,Public Utilities,5019 Hanover Avenue,Rennes,35000,France
799,Avavee,872-402-2004,contact@avavee.com,n/a,64932 Surrey Road,Rennes,35000,France
800,Flipstorm,321-464-9271,contact@flipstorm.com,Public Utilities,80238 Anzinger Hill,Nantes,44000,France
801,Ailane,776-613-2229,contact@ailane.com,Miscellaneous,6 Stoughton Center,Rennes,35000,France
802,Geba,926-821-4092,contact@geba.com,Finance,7 Gerald Alley,Nantes,44000,France
803,Centidel,915-143-3468,contact@centidel.com,Energy,7610 Dixon Street,Rennes,35000,France
804,Yozio,806-155-0128,contact@yozio.com,Energy,7990 Iowa Point,Rennes,35000,France
805,Tagopia,360-887-6162,contact@tagopia.com,n/a,8 Morningstar Trail,Lille,59000,France
806,Fadeo,967-871-1203,contact@fadeo.com,Consumer Durables,2 Susan Crossing,Lille,59000,France
807,Tazz,752-795-6829,contact@tazz.com,Capital Goods,1 Johnson Way,Nantes,44000,France
808,Jaxspan,932-461-5811,contact@jaxspan.com,Consumer Durables,04 Mandrake Trail,Nantes,44000,France
809,Thoughtbeat,745-777-0483,contact@thoughtbeat.com,Energy,279 Mccormick Trail,Paris,75000,France
810,Yata,683-662-4626,contact@yata.com,Finance,408 Buena Vista Hill,Rennes,35000,France
811,Aimbu,202-666-0197,contact@aimbu.com,Finance,7 Manufacturers Park,Rennes,35000,France
812,Pixope,834-391-7522,contact@pixope.com,Technology,00361 Butterfield Avenue,Rennes,35000,France
813,Quimba,800-933-7691,contact@quimba.com,Miscellaneous,71 Eagle Crest Road,Paris,75000,France
814,Rhynoodle,597-632-5867,contact@rhynoodle.com,Consumer Services,377 Farmco Plaza,Lille,59000,France
815,Fadeo,593-550-1761,contact@fadeo.com,Capital Goods,6 Cottonwood Court,Paris,75000,France
816,Gigashots,401-646-3885,contact@gigashots.com,Health Care,9 Warbler Avenue,Nantes,44000,France
817,Twinder,159-859-6710,contact@twinder.com,n/a,99 Clemons Point,Paris,75000,France
818,Flipstorm,393-387-0369,contact@flipstorm.com,Miscellaneous,02 Homewood Point,Rennes,35000,France
819,Skivee,649-558-1687,contact@skivee.com,n/a,6531 Corben Way,Nantes,44000,France
820,Abata,415-732-7578,contact@abata.com,Technology,8 Dahle Avenue,Rennes,35000,France
821,Rhycero,885-451-4525,contact@rhycero.com,Consumer Non-Durables,6671 Manley Park,Nantes,44000,France
822,Kwimbee,957-463-4554,contact@kwimbee.com,n/a,0 Maywood Plaza,Rennes,35000,France
823,Topiclounge,311-859-5428,contact@topiclounge.com,Finance,34022 Schmedeman Plaza,Lille,59000,France
824,Vinder,448-565-4548,contact@vinder.com,n/a,954 Kensington Center,Nantes,44000,France
825,Pixope,732-641-8663,contact@pixope.com,n/a,2913 Leroy Alley,Lille,59000,France
826,Twitterwire,921-876-0812,contact@twitterwire.com,Consumer Services,1362 Lunder Pass,Paris,75000,France
827,Vipe,826-399-6063,contact@vipe.com,Technology,71550 Barnett Lane,Paris,75000,France
828,Pixonyx,201-697-8004,contact@pixonyx.com,Technology,325 Dottie Crossing,Paris,75000,France
829,Kwimbee,462-994-0458,contact@kwimbee.com,Capital Goods,6997 Coleman Road,Nantes,44000,France
830,Jaloo,846-712-1362,contact@jaloo.com,n/a,9 Bay Terrace,Paris,75000,France
831,Photospace,815-262-5029,contact@photospace.com,n/a,07 Fairfield Avenue,Paris,75000,France
832,Wikizz,994-444-2038,contact@wikizz.com,n/a,34 Hoepker Avenue,Paris,75000,France
833,Browsedrive,687-198-2010,contact@browsedrive.com,Capital Goods,2 Schiller Pass,Lille,59000,France
834,Thoughtworks,723-893-0716,contact@thoughtworks.com,Technology,093 Meadow Valley Alley,Lille,59000,France
835,Roombo,609-296-3491,contact@roombo.com,Consumer Services,2373 Fairview Park,Paris,75000,France
836,Mynte,389-555-2549,contact@mynte.com,Consumer Services,944 Bellgrove Drive,Nantes,44000,France
837,Voolia,847-643-9828,contact@voolia.com,Public Utilities,8 Charing Cross Road,Nantes,44000,France
838,Voonyx,457-899-2844,contact@voonyx.com,Energy,8903 Anderson Parkway,Paris,75000,France
839,Jabbertype,397-716-2469,contact@jabbertype.com,Consumer Durables,50 Buena Vista Drive,Paris,75000,France
840,Einti,468-342-3504,contact@einti.com,n/a,894 Washington Plaza,Rennes,35000,France
841,Quinu,964-390-5017,contact@quinu.com,Capital Goods,96403 Lillian Crossing,Nantes,44000,France
842,Wikizz,984-562-9575,contact@wikizz.com,Technology,65 Pennsylvania Pass,Nantes,44000,France
843,Tanoodle,470-925-9834,contact@tanoodle.com,Basic Industries,32 Crescent Oaks Trail,Lille,59000,France
844,Tekfly,854-163-1299,contact@tekfly.com,Public Utilities,7563 Golden Leaf Point,Lille,59000,France
845,Livepath,651-326-9023,contact@livepath.com,Technology,5049 Mccormick Drive,Lille,59000,France
846,Shuffletag,696-450-6530,contact@shuffletag.com,n/a,4385 Grasskamp Court,Nantes,44000,France
847,Jatri,814-755-0563,contact@jatri.com,Consumer Services,3 Loeprich Junction,Nantes,44000,France
848,Dazzlesphere,744-141-4106,contact@dazzlesphere.com,Consumer Services,22123 Waubesa Parkway,Nantes,44000,France
849,Edgeify,558-986-6202,contact@edgeify.com,Health Care,42 Cordelia Pass,Lille,59000,France
850,Realbuzz,240-174-9326,contact@realbuzz.com,Health Care,0 Golden Leaf Pass,Paris,75000,France
851,Oyondu,549-331-7314,contact@oyondu.com,Finance,078 Clemons Alley,Paris,75000,France
852,Kwimbee,906-595-1605,contact@kwimbee.com,Public Utilities,0035 Bunker Hill Plaza,Lille,59000,France
853,Demivee,507-249-6809,contact@demivee.com,Finance,6 Green Street,Paris,75000,France
854,Photofeed,243-233-1509,contact@photofeed.com,Consumer Services,0538 Katie Plaza,Paris,75000,France
855,Vidoo,230-343-1990,contact@vidoo.com,n/a,6 Shopko Court,Rennes,35000,France
856,Blognation,186-641-6603,contact@blognation.com,Finance,80 Farwell Place,Lille,59000,France
857,Meezzy,725-649-8176,contact@meezzy.com,Finance,36 Melby Pass,Paris,75000,France
858,Demimbu,922-712-8862,contact@demimbu.com,Basic Industries,3137 Summit Hill,Nantes,44000,France
859,Skyndu,408-510-3858,contact@skyndu.com,Technology,274 Larry Park,Paris,75000,France
860,Tagchat,597-907-9225,contact@tagchat.com,Finance,009 Pierstorff Court,Nantes,44000,France
861,Buzzshare,202-123-7241,contact@buzzshare.com,Health Care,5364 Pennsylvania Avenue,Paris,75000,France
862,Thoughtmix,768-374-9352,contact@thoughtmix.com,Technology,97355 Vera Circle,Lille,59000,France
863,Zooxo,226-766-7797,contact@zooxo.com,n/a,25 Duke Terrace,Nantes,44000,France
864,Trilith,945-837-9356,contact@trilith.com,n/a,664 Elgar Parkway,Lille,59000,France
865,Blognation,642-117-2702,contact@blognation.com,Public Utilities,04 Mcbride Center,Nantes,44000,France
866,Muxo,268-109-3418,contact@muxo.com,Technology,36287 Hayes Terrace,Paris,75000,France
867,Yoveo,679-118-3389,contact@yoveo.com,Finance,30 West Point,Nantes,44000,France
868,Plambee,938-533-2909,contact@plambee.com,n/a,23194 Merchant Terrace,Paris,75000,France
869,Flashpoint,699-796-0709,contact@flashpoint.com,n/a,879 Graedel Place,Nantes,44000,France
870,Roomm,428-914-4729,contact@roomm.com,Health Care,93 Montana Way,Rennes,35000,France
871,Dynazzy,242-664-8006,contact@dynazzy.com,Capital Goods,32899 Holmberg Park,Paris,75000,France
872,Viva,197-305-5037,contact@viva.com,Health Care,761 Maywood Avenue,Rennes,35000,France
873,Quatz,673-206-3280,contact@quatz.com,n/a,65116 Dexter Street,Lille,59000,France
874,Skibox,831-398-1980,contact@skibox.com,Consumer Services,42 Rutledge Trail,Paris,75000,France
875,Youopia,704-850-5796,contact@youopia.com,Technology,05 Muir Way,Paris,75000,France
876,Skinte,987-781-2880,contact@skinte.com,Capital Goods,8824 Autumn Leaf Terrace,Rennes,35000,France
877,Eimbee,136-886-0714,contact@eimbee.com,Public Utilities,0009 Stang Place,Lille,59000,France
878,Meembee,643-879-9305,contact@meembee.com,Consumer Services,23 Sage Avenue,Rennes,35000,France
879,Riffwire,495-842-5572,contact@riffwire.com,Consumer Services,2158 Toban Terrace,Nantes,44000,France
880,Vinder,778-242-0694,contact@vinder.com,Energy,7256 Fieldstone Crossing,Rennes,35000,France
881,Brainverse,664-949-3759,contact@brainverse.com,Basic Industries,31 Algoma Trail,Paris,75000,France
882,Abatz,314-678-3446,contact@abatz.com,n/a,80 Mcbride Court,Paris,75000,France
883,Skalith,426-145-9768,contact@skalith.com,Health Care,12355 David Terrace,Rennes,35000,France
884,Zooveo,769-119-2281,contact@zooveo.com,n/a,61 Talmadge Crossing,Nantes,44000,France
885,Skynoodle,665-664-6455,contact@skynoodle.com,n/a,34 Brown Avenue,Lille,59000,France
886,Yodoo,401-213-7086,contact@yodoo.com,Consumer Durables,7 Karstens Drive,Rennes,35000,France
887,Kimia,132-420-8487,contact@kimia.com,Finance,344 Harper Crossing,Nantes,44000,France
888,Camimbo,382-380-6665,contact@camimbo.com,Consumer Non-Durables,161 Logan Center,Paris,75000,France
889,Divape,245-385-1556,contact@divape.com,Capital Goods,353 Haas Court,Paris,75000,France
890,Yacero,674-207-2550,contact@yacero.com,Consumer Services,9286 Northwestern Street,Nantes,44000,France
891,Eabox,344-572-2334,contact@eabox.com,Consumer Non-Durables,5728 Burning Wood Place,Lille,59000,France
892,Demizz,650-762-7167,contact@demizz.com,Finance,434 Monica Pass,Lille,59000,France
893,Edgeblab,966-191-3964,contact@edgeblab.com,Finance,5 Novick Pass,Lille,59000,France
894,Gigashots,672-518-1194,contact@gigashots.com,Consumer Services,6 Mallory Terrace,Paris,75000,France
895,Myworks,877-794-9976,contact@myworks.com,Consumer Non-Durables,36 Stang Way,Lille,59000,France
896,Skaboo,504-104-6390,contact@skaboo.com,Technology,00372 Armistice Plaza,Paris,75000,France
897,Jabberbean,919-840-7953,contact@jabberbean.com,Consumer Services,7119 Westridge Trail,Paris,75000,France
898,Livefish,296-794-5030,contact@livefish.com,Energy,0 Mitchell Plaza,Paris,75000,France
899,Latz,666-200-8797,contact@latz.com,Technology,88 Warbler Hill,Rennes,35000,France
900,Chatterpoint,782-380-1632,contact@chatterpoint.com,Consumer Services,0 Forest Plaza,Rennes,35000,France
901,Agimba,665-907-6151,contact@agimba.com,Technology,32 Blue Bill Park Avenue,Rennes,35000,France
902,Innotype,302-683-3862,contact@innotype.com,Health Care,9607 Logan Junction,Rennes,35000,France
903,Gigabox,418-579-2443,contact@gigabox.com,n/a,85 Summer Ridge Parkway,Lille,59000,France
904,Feedfish,268-196-1022,contact@feedfish.com,Public Utilities,0176 Cascade Crossing,Paris,75000,France
905,Topiclounge,450-650-2491,contact@topiclounge.com,Transportation,5 Portage Crossing,Nantes,44000,France
906,Skinix,964-821-0277,contact@skinix.com,Energy,20 Maryland Way,Paris,75000,France
907,Wordware,619-138-1740,contact@wordware.com,Consumer Services,43540 Main Pass,Nantes,44000,France
908,Katz,892-411-6535,contact@katz.com,Consumer Services,631 Katie Way,Rennes,35000,France
909,Twitterbridge,920-815-6840,contact@twitterbridge.com,n/a,03942 Swallow Center,Rennes,35000,France
910,Fliptune,586-669-6876,contact@fliptune.com,Technology,8 Carioca Circle,Nantes,44000,France
911,Gabtune,787-981-2659,contact@gabtune.com,Capital Goods,925 Stoughton Circle,Paris,75000,France
912,Devcast,505-657-6165,contact@devcast.com,Finance,565 Carpenter Plaza,Nantes,44000,France
913,Zoomlounge,533-134-8373,contact@zoomlounge.com,Basic Industries,091 Carpenter Trail,Rennes,35000,France
914,Centimia,275-864-0992,contact@centimia.com,Health Care,3 Shelley Junction,Lille,59000,France
915,Quinu,724-804-1936,contact@quinu.com,n/a,2 Cottonwood Alley,Lille,59000,France
916,Meevee,402-218-2749,contact@meevee.com,Finance,03 Clyde Gallagher Crossing,Paris,75000,France
917,Layo,624-955-8789,contact@layo.com,Public Utilities,961 Bay Junction,Nantes,44000,France
918,Photobug,501-309-4168,contact@photobug.com,Public Utilities,9517 Village Green Circle,Rennes,35000,France
919,Tagfeed,573-384-5846,contact@tagfeed.com,Health Care,5245 Warbler Crossing,Rennes,35000,France
920,Plambee,726-536-5088,contact@plambee.com,Transportation,020 Del Mar Court,Lille,59000,France
921,Yacero,187-598-1416,contact@yacero.com,n/a,6 Pankratz Terrace,Nantes,44000,France
922,Kwinu,374-990-2341,contact@kwinu.com,Technology,6558 Roth Pass,Lille,59000,France
923,Lazz,912-262-2410,contact@lazz.com,Basic Industries,2930 Spaight Crossing,Lille,59000,France
924,Twinte,804-946-6864,contact@twinte.com,Health Care,5505 Fieldstone Circle,Paris,75000,France
925,Topicstorm,278-590-7191,contact@topicstorm.com,Finance,3 Ridgeway Parkway,Nantes,44000,France
926,Brainverse,603-104-8560,contact@brainverse.com,n/a,24 Hintze Drive,Lille,59000,France
927,Feedmix,965-227-4449,contact@feedmix.com,Health Care,3236 David Pass,Paris,75000,France
928,Riffpedia,380-187-5520,contact@riffpedia.com,Miscellaneous,8846 Express Lane,Rennes,35000,France
929,Vinte,544-196-9710,contact@vinte.com,Public Utilities,0608 Dahle Place,Nantes,44000,France
930,Mymm,781-213-5918,contact@mymm.com,Finance,5718 Pawling Point,Paris,75000,France
931,Meevee,817-808-9754,contact@meevee.com,Capital Goods,7 Fremont Junction,Paris,75000,France
932,Twitternation,682-178-8905,contact@twitternation.com,n/a,72 Kings Avenue,Lille,59000,France
933,Cogidoo,470-964-6106,contact@cogidoo.com,n/a,52767 Onsgard Point,Lille,59000,France
934,Brightdog,352-160-9619,contact@brightdog.com,n/a,25 Nova Terrace,Paris,75000,France
935,Eare,915-251-7570,contact@eare.com,Technology,1 Hallows Pass,Paris,75000,France
936,Photospace,376-715-9394,contact@photospace.com,Technology,71 Lunder Point,Nantes,44000,France
937,Fiveclub,916-325-7779,contact@fiveclub.com,Health Care,81536 Carey Park,Rennes,35000,France
938,Aibox,267-690-6316,contact@aibox.com,Finance,66 Clarendon Center,Paris,75000,France
939,Dabjam,561-667-3722,contact@dabjam.com,Finance,3079 Sundown Pass,Lille,59000,France
940,Oloo,909-932-6793,contact@oloo.com,Finance,00778 Crest Line Street,Paris,75000,France
941,Trunyx,676-529-8342,contact@trunyx.com,n/a,0 Mallory Hill,Paris,75000,France
942,Realpoint,538-714-0922,contact@realpoint.com,Energy,028 Scoville Trail,Lille,59000,France
943,Avamm,809-259-2870,contact@avamm.com,Consumer Services,60 Park Meadow Drive,Nantes,44000,France
944,Jetwire,176-226-2366,contact@jetwire.com,n/a,935 Maple Crossing,Lille,59000,France
945,Skyba,217-925-9037,contact@skyba.com,Finance,612 Delladonna Park,Paris,75000,France
946,Trudoo,287-524-4943,contact@trudoo.com,n/a,5 Portage Lane,Paris,75000,France
947,Vinder,824-251-2939,contact@vinder.com,Energy,7 Ridgeview Circle,Nantes,44000,France
948,Vinder,173-870-2564,contact@vinder.com,Finance,7613 Johnson Road,Paris,75000,France
949,Layo,809-536-6091,contact@layo.com,Technology,89 Jenna Hill,Paris,75000,France
950,Realblab,165-417-1507,contact@realblab.com,Public Utilities,52 Rowland Way,Nantes,44000,France
951,Jabberstorm,419-587-4688,contact@jabberstorm.com,Consumer Non-Durables,6074 Banding Hill,Lille,59000,France
952,Camido,615-809-2643,contact@camido.com,Capital Goods,8363 Northland Park,Paris,75000,France
953,Quaxo,483-321-1027,contact@quaxo.com,Public Utilities,90235 2nd Avenue,Rennes,35000,France
954,Trudeo,722-648-6607,contact@trudeo.com,Basic Industries,41446 Mallard Court,Lille,59000,France
955,Jayo,780-631-5488,contact@jayo.com,Technology,98 Dakota Plaza,Lille,59000,France
956,Gabtype,545-135-4764,contact@gabtype.com,Finance,67 Chinook Lane,Paris,75000,France
957,Trudoo,507-540-8492,contact@trudoo.com,n/a,15 Boyd Lane,Rennes,35000,France
958,Blogspan,427-649-9162,contact@blogspan.com,Consumer Services,80 Pearson Place,Nantes,44000,France
959,Yozio,925-220-7127,contact@yozio.com,Finance,4 Dakota Trail,Nantes,44000,France
960,Youfeed,190-492-3785,contact@youfeed.com,Energy,1059 Bay Road,Nantes,44000,France
961,Youfeed,777-773-4595,contact@youfeed.com,Public Utilities,40 Moose Way,Paris,75000,France
962,Edgepulse,566-599-1312,contact@edgepulse.com,Technology,52 Transport Terrace,Rennes,35000,France
963,Jabbersphere,110-142-1653,contact@jabbersphere.com,Health Care,9 Vernon Lane,Rennes,35000,France
964,Thoughtbeat,134-582-9572,contact@thoughtbeat.com,Health Care,1 Mesta Junction,Rennes,35000,France
965,Topdrive,570-589-8714,contact@topdrive.com,Capital Goods,8449 2nd Point,Nantes,44000,France
966,Twitterbeat,424-860-3847,contact@twitterbeat.com,Public Utilities,31454 Dexter Pass,Lille,59000,France
967,Feedspan,652-844-4961,contact@feedspan.com,Basic Industries,77802 Emmet Point,Nantes,44000,France
968,Zoomlounge,697-231-2480,contact@zoomlounge.com,Health Care,405 Talisman Lane,Lille,59000,France
969,Edgetag,926-197-3143,contact@edgetag.com,Technology,772 Bayside Alley,Paris,75000,France
970,Jaxbean,931-759-6655,contact@jaxbean.com,Consumer Services,11626 Steensland Circle,Rennes,35000,France
971,Yodel,202-515-7985,contact@yodel.com,Health Care,731 Barnett Avenue,Nantes,44000,France
972,Zoomzone,270-659-0930,contact@zoomzone.com,Health Care,1679 Russell Center,Nantes,44000,France
973,Youspan,286-183-9096,contact@youspan.com,n/a,22 Summerview Point,Paris,75000,France
974,Yodoo,678-854-7145,contact@yodoo.com,n/a,9 Waywood Alley,Nantes,44000,France
975,Blogpad,555-777-8610,contact@blogpad.com,n/a,4914 Monterey Parkway,Lille,59000,France
976,Browsezoom,567-102-0196,contact@browsezoom.com,Finance,13 Esker Road,Rennes,35000,France
977,Yacero,394-127-2848,contact@yacero.com,Consumer Non-Durables,8 Kensington Plaza,Nantes,44000,France
978,Leexo,589-355-0573,contact@leexo.com,Basic Industries,647 Manufacturers Road,Nantes,44000,France
979,Yacero,901-346-0016,contact@yacero.com,Consumer Services,29391 Nevada Avenue,Nantes,44000,France
980,Topdrive,407-414-3807,contact@topdrive.com,n/a,72 Aberg Trail,Paris,75000,France
981,Gabtune,767-270-1834,contact@gabtune.com,Basic Industries,60892 Corben Park,Lille,59000,France
982,Trilia,492-975-4206,contact@trilia.com,n/a,81975 Stone Corner Pass,Nantes,44000,France
983,Photobug,978-126-4896,contact@photobug.com,Finance,026 Lien Junction,Paris,75000,France
984,Browsebug,443-186-3262,contact@browsebug.com,Finance,798 Comanche Drive,Nantes,44000,France
985,Photojam,395-379-8828,contact@photojam.com,Finance,8 Forest Dale Road,Lille,59000,France
986,Rooxo,675-471-1760,contact@rooxo.com,n/a,7 West Drive,Paris,75000,France
987,Edgetag,982-215-3465,contact@edgetag.com,Consumer Services,166 Sunnyside Road,Lille,59000,France
988,Tagopia,334-817-2297,contact@tagopia.com,Health Care,3 Melody Avenue,Lille,59000,France
989,Talane,842-812-5482,contact@talane.com,n/a,57 Pleasure Alley,Rennes,35000,France
990,Roodel,958-190-6606,contact@roodel.com,n/a,550 Cardinal Place,Rennes,35000,France
991,Twitterlist,881-464-8399,contact@twitterlist.com,Finance,188 Tennessee Alley,Nantes,44000,France
992,JumpXS,240-956-8899,contact@jumpxs.com,Technology,85168 Merry Plaza,Paris,75000,France
993,Tagtune,864-437-9733,contact@tagtune.com,Finance,3326 Bayside Avenue,Paris,75000,France
994,Skinix,323-896-3119,contact@skinix.com,n/a,10 Sullivan Road,Rennes,35000,France
995,Quire,618-956-3283,contact@quire.com,Finance,8 Mandrake Way,Paris,75000,France
996,Realcube,392-579-8383,contact@realcube.com,n/a,2327 Coleman Center,Nantes,44000,France
997,Innojam,615-842-0905,contact@innojam.com,Technology,34 Union Park,Nantes,44000,France
998,Jazzy,343-942-2281,contact@jazzy.com,Health Care,378 Bonner Junction,Paris,75000,France
999,Realpoint,821-751-1219,contact@realpoint.com,Capital Goods,81476 Prairieview Pass,Paris,75000,France
1000,Meeveo,486-341-1380,contact@meeveo.com,Capital Goods,46 Brickson Park Junction,Rennes,35000,France
