id,first_name,last_name,email,gender,date_of_birth,campus_id,subject_id
1,Rudolf,Duchesne,rduchesne0@bravesites.com,Male,1975-11-12,1,5DATA
2,Margarete,Goggey,mgoggey1@yelp.com,Female,1976-02-15,1,4ARCH
3,Man,McAllan,mmcallan2@sourceforge.net,Male,1988-08-26,1,4CCNA
4,Mei,Tomkiss,mtomkiss3@gov.uk,Female,1971-01-25,1,4DATA
5,Paxon,McLarens,pmclarens4@marketwatch.com,Male,1971-04-30,1,4DOKR
6,Osborn,Inglesfield,oinglesfield5@goo.ne.jp,Male,1975-01-01,1,4GDPR
7,Poppy,Stienham,pstienham6@domainmarket.com,Female,1970-12-28,1,4KUBE
8,Denys,Patek,dpatek7@icio.us,Male,1981-08-09,1,4PENE
9,Wilmette,Gyurkovics,wgyurkovics8@homestead.com,Female,1982-08-26,1,4VIRT
10,Feodora,Wreath,fwreath9@e-recht24.de,Female,1980-09-25,1,4CHGM
11,Teddi,Alennikov,talennikova@china.com.cn,Female,1982-11-15,1,4DVOP
12,Even,Adran,eadranb@a8.net,Male,1975-03-15,1,4MLSP
13,Jock,Bisseker,jbissekerc@moonfruit.com,Male,1981-05-19,1,5RBIG
14,Randi,Allsobrook,rallsobrookd@uol.com.br,Female,1984-03-22,1,1PROG
15,Reider,Krzyzowski,rkrzyzowskie@canalblog.com,Male,1990-05-01,1,1WDEV
16,Euell,Clayfield,eclayfieldf@spotify.com,Male,1975-04-02,1,1JWPD
17,Melina,Pountain,mpountaing@goo.ne.jp,Female,1977-01-13,1,1PYTH
18,Alic,Padula,apadulah@printfriendly.com,Male,1974-06-18,1,1SGBD
19,Ram,Snowdon,rsnowdoni@odnoklassniki.ru,Male,1975-01-21,1,1INTD
20,Joseito,Hymus,jhymusj@weibo.com,Male,1980-06-27,1,1ITWO
21,Florian,Gresly,fgreslyk@redcross.org,Male,1986-10-05,1,1TEAM
22,Juliet,Bonnette,jbonnettel@google.es,Female,1987-03-05,1,1ILIP
23,Melissa,Trenear,mtrenearm@washington.edu,Female,1971-07-01,1,1ENGL
24,Aldon,Kirby,akirbyn@etsy.com,Male,1980-12-20,1,2AWSP
25,Vern,Fairbeard,vfairbeardo@state.tx.us,Male,1990-06-12,1,2BABA
26,Sigismundo,Bardell,sbardellp@telegraph.co.uk,Male,1977-05-16,1,2DTTL
27,Dorie,de Wilde,ddewildeq@biblegateway.com,Male,1977-03-03,1,2PMGT
28,Nesta,Compfort,ncompfortr@wsj.com,Female,1977-11-24,1,2COOR
29,Kile,Sowrey,ksowreys@myspace.com,Male,1982-03-19,1,2DSTM
30,Jerrine,Franzotto,jfranzottot@amazon.co.jp,Female,1990-01-16,1,2DVST
31,Essy,Fossitt,efossittu@mapquest.com,Female,1985-01-03,1,2JAVA
32,Petronia,Douty,pdoutyv@trellian.com,Female,1972-01-29,1,2CCPP
33,Bondon,Mackiewicz,bmackiewiczw@msu.edu,Male,1978-06-01,1,2PHPD
34,Raddie,Fallowfield,rfallowfieldx@nsw.gov.au,Male,1973-02-02,1,2SEOE
35,Adrien,Warrack,awarracky@apple.com,Male,1984-01-13,1,2UIXD
36,Aimee,MacKeeg,amackeegz@usda.gov,Female,1970-05-15,1,2MCSA
37,Courtney,McAviy,cmcaviy10@bizjournals.com,Female,1978-09-06,1,2ENGL
38,Athene,Ryrie,aryrie11@usa.gov,Female,1986-07-31,1,3BOPA
39,Vaughan,Dupree,vdupree12@clickbank.net,Male,1987-08-22,1,3INML
40,Griff,Bassil,gbassil13@etsy.com,Male,1979-04-25,1,3AGIL
41,Charmion,Lambrook,clambrook14@cbslocal.com,Female,1972-01-26,1,3TPMG
42,Jerry,Wherry,jwherry15@wp.com,Female,1989-02-13,1,3DVSC
43,Tades,Whittam,twhittam16@taobao.com,Male,1984-09-24,1,3ASPC
44,Kellen,Schwier,kschwier17@wikispaces.com,Male,1988-03-11,1,3ANDM
45,Crichton,Stillwell,cstillwell18@msu.edu,Male,1971-06-19,1,3IOSD
46,Brnaba,Pigott,bpigott19@nasa.gov,Male,1971-01-19,1,3MERN
47,Karalee,Beales,kbeales1a@nytimes.com,Female,1973-04-10,1,3CCNA
48,Jerry,Wardhaw,jwardhaw1b@amazon.co.uk,Female,1984-05-22,1,3SECU
49,Madelaine,Ratt,mratt1c@nytimes.com,Female,1974-12-30,1,3ENGL
50,Maire,Gladeche,mgladeche1d@marriott.com,Female,1990-04-29,1,5ITIL
51,Phillipe,Creser,pcreser1e@pcworld.com,Male,1980-09-29,1,5DOOP
52,Orsola,Stovin,ostovin1f@bloomberg.com,Female,1976-10-21,1,5CCNA
53,Maggee,Eldridge,meldridge1g@usa.gov,Female,1985-05-04,1,5DEEP
54,Danie,Elliker,delliker1h@google.co.jp,Male,1987-06-02,1,5AIML
55,Mead,Willans,mwillans1i@boston.com,Female,1971-02-08,1,5ENGL
56,Alonso,Quinn,aquinn1j@noaa.gov,Male,1977-12-15,2,5DATA
57,Wayland,Delooze,wdelooze1k@bloomberg.com,Male,1989-03-15,2,4ARCH
58,Mariann,Swyn,mswyn1l@elpais.com,Female,1978-11-26,2,4CCNA
59,Craggy,Bradder,cbradder1m@kickstarter.com,Male,1980-07-29,2,4DATA
60,Curr,Blasiak,cblasiak1n@oaic.gov.au,Male,1982-10-15,2,4DOKR
61,Brear,Iddison,biddison1o@who.int,Female,1974-03-29,2,4GDPR
62,Ammamaria,Cannings,acannings1p@icq.com,Female,1989-05-02,2,4KUBE
63,Barbe,Crosthwaite,bcrosthwaite1q@sourceforge.net,Female,1972-07-22,2,4PENE
64,Matty,Matley,mmatley1r@ustream.tv,Female,1973-03-15,2,4VIRT
65,Yoshi,Olivey,yolivey1s@w3.org,Female,1974-04-11,2,4CHGM
66,Denis,Ciottoi,dciottoi1t@kickstarter.com,Male,1984-07-13,2,4DVOP
67,Myrle,McGaraghan,mmcgaraghan1u@youtube.com,Female,1972-03-06,2,4MLSP
68,Collete,Beverstock,cbeverstock1v@dmoz.org,Female,1971-11-15,2,5RBIG
69,Gerick,Mortimer,gmortimer1w@mayoclinic.com,Male,1986-06-20,2,1PROG
70,Smitty,Linnock,slinnock1x@ft.com,Male,1984-10-31,2,1WDEV
71,Bram,Mathwen,bmathwen1y@yellowpages.com,Male,1975-11-14,2,1JWPD
72,Elie,Kybbye,ekybbye1z@imdb.com,Female,1983-11-09,2,1PYTH
73,Reggie,Grierson,rgrierson20@cpanel.net,Male,1983-07-25,2,1SGBD
74,Raul,Shakesby,rshakesby21@army.mil,Male,1975-03-14,2,1INTD
75,Alonso,Craisford,acraisford22@youtu.be,Male,1970-04-02,2,1ITWO
76,Worthy,Dudbridge,wdudbridge23@slideshare.net,Male,1976-10-05,2,1TEAM
77,Burk,Moorton,bmoorton24@twitter.com,Male,1989-09-23,2,1ILIP
78,Pat,Brislane,pbrislane25@jiathis.com,Female,1977-02-22,2,1ENGL
79,Davey,Kirvell,dkirvell26@epa.gov,Male,1984-03-05,2,2AWSP
80,Ericka,Lippo,elippo27@globo.com,Female,1976-12-04,2,2BABA
81,Randi,Grigoriev,rgrigoriev28@istockphoto.com,Female,1972-09-04,2,2DTTL
82,Isadora,Strowlger,istrowlger29@hp.com,Female,1987-03-26,2,2PMGT
83,Alena,Jeannaud,ajeannaud2a@g.co,Female,1983-03-30,2,2COOR
84,Marline,Scothern,mscothern2b@paypal.com,Female,1988-01-26,2,2DSTM
85,Bobbee,Tappington,btappington2c@rediff.com,Female,1973-09-26,2,2DVST
86,Deni,Stollenhof,dstollenhof2d@businessweek.com,Female,1983-04-26,2,2JAVA
87,Sosanna,Lingard,slingard2e@amazon.co.uk,Female,1990-08-21,2,2CCPP
88,Sibbie,Sutter,ssutter2f@t-online.de,Female,1989-08-14,2,2PHPD
89,Mirelle,Jakaway,mjakaway2g@xrea.com,Female,1982-07-15,2,2SEOE
90,Lewie,Newsham,lnewsham2h@statcounter.com,Male,1984-03-19,2,2UIXD
91,Norman,Itzhaiek,nitzhaiek2i@ihg.com,Male,1971-04-27,2,2MCSA
92,Hertha,Earles,hearles2j@google.it,Female,1990-06-22,2,2ENGL
93,Harlen,Thornebarrow,hthornebarrow2k@homestead.com,Male,1985-04-19,2,3BOPA
94,Den,Kitchinghan,dkitchinghan2l@spiegel.de,Male,1989-09-20,2,3INML
95,Faber,Willcott,fwillcott2m@about.me,Male,1980-07-21,2,3AGIL
96,Constantine,Tiley,ctiley2n@nba.com,Male,1978-02-18,2,3TPMG
97,Windy,Dorgan,wdorgan2o@walmart.com,Female,1982-02-05,2,3DVSC
98,Efren,Server,eserver2p@nydailynews.com,Male,1979-01-08,2,3ASPC
99,Letti,Armell,larmell2q@altervista.org,Female,1972-11-28,2,3ANDM
100,Eleanora,Rawet,erawet2r@ovh.net,Female,1982-10-02,2,3IOSD
101,Isabelle,Moncreiffe,imoncreiffe2s@feedburner.com,Female,1980-10-11,2,3MERN
102,Milty,Assur,massur2t@last.fm,Male,1981-01-21,2,3CCNA
103,Alfonse,Avison,aavison2u@diigo.com,Male,1974-05-20,2,3SECU
104,Bogart,Merrgen,bmerrgen2v@alexa.com,Male,1974-11-18,2,3ENGL
105,Damiano,Eagle,deagle2w@linkedin.com,Male,1977-08-25,2,5ITIL
106,Hilary,Hornbuckle,hhornbuckle2x@slashdot.org,Female,1987-07-29,2,5DOOP
107,Ertha,Tease,etease2y@nbcnews.com,Female,1971-03-20,2,5CCNA
108,Judi,Shear,jshear2z@netscape.com,Female,1977-07-08,2,5DEEP
109,Gale,Millar,gmillar30@amazon.com,Female,1977-08-12,2,5AIML
110,Anthia,Haysham,ahaysham31@altervista.org,Female,1988-08-27,2,5ENGL
111,Jaclin,Inchan,jinchan32@apache.org,Female,1988-03-24,3,5DATA
112,Dickie,Case,dcase33@canalblog.com,Male,1989-12-08,3,4ARCH
113,Clarissa,Bartle,cbartle34@flickr.com,Female,1985-02-23,3,4CCNA
114,Alverta,McCanny,amccanny35@wiley.com,Female,1977-02-14,3,4DATA
115,Milton,Neylon,mneylon36@reference.com,Male,1975-05-08,3,4DOKR
116,Carlynn,Querrard,cquerrard37@51.la,Female,1984-07-25,3,4GDPR
117,Godfrey,Autin,gautin38@e-recht24.de,Male,1984-08-04,3,4KUBE
118,Avivah,Stokoe,astokoe39@icio.us,Female,1987-10-14,3,4PENE
119,Olenolin,Childs,ochilds3a@artisteer.com,Male,1986-11-23,3,4VIRT
120,Yule,Crumley,ycrumley3b@homestead.com,Male,1989-05-29,3,4CHGM
121,Hubie,Martugin,hmartugin3c@apache.org,Male,1984-08-29,3,4DVOP
122,Vassily,Husset,vhusset3d@nyu.edu,Male,1982-10-31,3,4MLSP
123,Marjy,Stutely,mstutely3e@columbia.edu,Female,1975-11-18,3,5RBIG
124,Tammara,Yedy,tyedy3f@skyrock.com,Female,1974-11-22,3,1PROG
125,Antons,Ribeiro,aribeiro3g@washingtonpost.com,Male,1990-08-21,3,1WDEV
126,Lin,MacPaike,lmacpaike3h@ifeng.com,Female,1980-06-11,3,1JWPD
127,Anthe,Trayton,atrayton3i@economist.com,Female,1989-07-07,3,1PYTH
128,Brendin,Coytes,bcoytes3j@ezinearticles.com,Male,1972-08-23,3,1SGBD
129,Jacinthe,Di Biaggi,jdibiaggi3k@flickr.com,Female,1985-07-11,3,1INTD
130,Allister,Wheelband,awheelband3l@shareasale.com,Male,1973-07-10,3,1ITWO
131,Nanette,Ulyatt,nulyatt3m@jalbum.net,Female,1973-01-05,3,1TEAM
132,Germaine,Izzard,gizzard3n@elegantthemes.com,Male,1974-02-10,3,1ILIP
133,Ross,Stather,rstather3o@noaa.gov,Male,1980-12-28,3,1ENGL
134,Megan,Samper,msamper3p@merriam-webster.com,Female,1979-04-06,3,2AWSP
135,Marcello,Gilmartin,mgilmartin3q@va.gov,Male,1985-06-30,3,2BABA
136,Myrvyn,Tracy,mtracy3r@dyndns.org,Male,1986-01-24,3,2DTTL
137,Yoko,Elfes,yelfes3s@chronoengine.com,Female,1975-01-10,3,2PMGT
138,Pru,Riha,priha3t@seesaa.net,Female,1976-06-07,3,2COOR
139,Lexis,Spittall,lspittall3u@infoseek.co.jp,Female,1988-07-13,3,2DSTM
140,Carolyn,Goodlad,cgoodlad3v@php.net,Female,1974-12-21,3,2DVST
141,Phillipe,Maier,pmaier3w@eventbrite.com,Male,1990-05-11,3,2JAVA
142,Niel,Josipovitz,njosipovitz3x@tumblr.com,Male,1974-03-04,3,2CCPP
143,Monte,Iacovino,miacovino3y@tmall.com,Male,1975-03-03,3,2PHPD
144,Allie,Pettipher,apettipher3z@salon.com,Female,1987-04-06,3,2SEOE
145,Des,Glazier,dglazier40@gov.uk,Male,1984-01-10,3,2UIXD
146,Ware,Beechcraft,wbeechcraft41@sakura.ne.jp,Male,1990-06-28,3,2MCSA
147,Murdoch,Trimbey,mtrimbey42@last.fm,Male,1979-02-20,3,2ENGL
148,Richmond,Clewlowe,rclewlowe43@tiny.cc,Male,1990-06-10,3,3BOPA
149,Deedee,Gudeman,dgudeman44@miitbeian.gov.cn,Female,1985-12-03,3,3INML
150,Noami,Symonds,nsymonds45@shareasale.com,Female,1982-07-17,3,3AGIL
151,Yevette,Fearnsides,yfearnsides46@example.com,Female,1986-03-31,3,3TPMG
152,Spense,Connock,sconnock47@about.com,Male,1990-11-14,3,3DVSC
153,Verna,Willowby,vwillowby48@arstechnica.com,Female,1986-04-23,3,3ASPC
154,Daloris,Calow,dcalow49@i2i.jp,Female,1978-05-02,3,3ANDM
155,Georgia,Mackerel,gmackerel4a@addthis.com,Female,1983-04-19,3,3IOSD
156,Jaymie,Filipovic,jfilipovic4b@jiathis.com,Male,1980-04-16,3,3MERN
157,Danna,Goulston,dgoulston4c@miitbeian.gov.cn,Female,1984-09-29,3,3CCNA
158,Rhonda,Crighton,rcrighton4d@webmd.com,Female,1974-05-11,3,3SECU
159,Ethelbert,Leming,eleming4e@blogspot.com,Male,1986-08-21,3,3ENGL
160,Tersina,Mulgrew,tmulgrew4f@geocities.com,Female,1978-10-08,3,5ITIL
161,Skelly,Wraith,swraith4g@mozilla.org,Male,1983-04-16,3,5DOOP
162,Rosette,Mil,rmil4h@bing.com,Female,1977-01-31,3,5CCNA
163,Werner,Skelly,wskelly4i@canalblog.com,Male,1978-11-17,3,5DEEP
164,Vassily,Shoulders,vshoulders4j@example.com,Male,1984-01-13,3,5AIML
165,Ewell,Ruzek,eruzek4k@etsy.com,Male,1971-07-05,3,5ENGL
166,Horten,Goodisson,hgoodisson4l@upenn.edu,Male,1989-09-08,4,5DATA
167,Kristo,Hardisty,khardisty4m@cdbaby.com,Male,1980-06-08,4,4ARCH
168,Constancy,Hamman,chamman4n@whitehouse.gov,Female,1990-08-28,4,4CCNA
169,Winonah,Bordes,wbordes4o@unc.edu,Female,1985-10-20,4,4DATA
170,Georg,Kirwood,gkirwood4p@sourceforge.net,Male,1980-09-01,4,4DOKR
171,Ericha,Laughnan,elaughnan4q@accuweather.com,Female,1980-02-24,4,4GDPR
172,Zondra,Peiro,zpeiro4r@theatlantic.com,Female,1984-02-23,4,4KUBE
173,Biron,Alelsandrovich,balelsandrovich4s@amazon.com,Male,1979-11-25,4,4PENE
174,Rasla,Cadwaladr,rcadwaladr4t@sciencedirect.com,Female,1981-08-27,4,4VIRT
175,Berta,Drummond,bdrummond4u@privacy.gov.au,Female,1984-05-27,4,4CHGM
176,Franciska,Ducker,fducker4v@cam.ac.uk,Female,1980-08-11,4,4DVOP
177,Giovanna,Punton,gpunton4w@gov.uk,Female,1985-07-25,4,4MLSP
178,Huntington,Clutten,hclutten4x@amazon.co.jp,Male,1971-08-04,4,5RBIG
179,Ky,Stockton,kstockton4y@forbes.com,Male,1970-11-26,4,1PROG
180,Martguerita,Standall,mstandall4z@symantec.com,Female,1985-10-31,4,1WDEV
181,Fayre,Channer,fchanner50@cbslocal.com,Female,1987-11-05,4,1JWPD
182,Othella,Burmaster,oburmaster51@amazon.co.jp,Female,1972-12-21,4,1PYTH
183,Stafford,Butt Gow,sbuttgow52@histats.com,Male,1974-08-25,4,1SGBD
184,Philomena,Gallager,pgallager53@twitter.com,Female,1984-07-12,4,1INTD
185,Gavra,Sambedge,gsambedge54@washingtonpost.com,Female,1982-06-03,4,1ITWO
186,Teddy,Tomaszewski,ttomaszewski55@eepurl.com,Female,1972-11-23,4,1TEAM
187,Deb,Mundford,dmundford56@studiopress.com,Female,1974-11-01,4,1ILIP
188,Cati,Ledwich,cledwich57@npr.org,Female,1974-04-21,4,1ENGL
189,Darill,Foskin,dfoskin58@cdc.gov,Male,1976-03-31,4,2AWSP
190,Normy,Ullrich,nullrich59@aol.com,Male,1983-11-10,4,2BABA
191,Falkner,Shurey,fshurey5a@squidoo.com,Male,1981-12-22,4,2DTTL
192,Seth,Geering,sgeering5b@acquirethisname.com,Male,1980-10-28,4,2PMGT
193,Mitchael,Iacivelli,miacivelli5c@weebly.com,Male,1977-02-22,4,2COOR
194,Pembroke,MacNaughton,pmacnaughton5d@myspace.com,Male,1977-04-20,4,2DSTM
195,Tabby,Sked,tsked5e@ebay.co.uk,Male,1988-06-22,4,2DVST
196,Derry,Trengove,dtrengove5f@bluehost.com,Male,1983-08-01,4,2JAVA
197,Winifield,Caldaro,wcaldaro5g@cbc.ca,Male,1977-05-27,4,2CCPP
198,Krissie,Simmon,ksimmon5h@topsy.com,Female,1986-07-01,4,2PHPD
199,Inger,Athow,iathow5i@globo.com,Male,1979-10-25,4,2SEOE
200,Emmet,Tash,etash5j@jalbum.net,Male,1973-11-07,4,2UIXD
201,Lynn,Powdrell,lpowdrell5k@squidoo.com,Female,1990-02-17,4,2MCSA
202,Eleen,Cricket,ecricket5l@twitter.com,Female,1971-06-11,4,2ENGL
203,Homerus,Selby,hselby5m@gmpg.org,Male,1980-06-30,4,3BOPA
204,Sara,Feveryear,sfeveryear5n@live.com,Female,1987-11-08,4,3INML
205,Shanan,Noweak,snoweak5o@sakura.ne.jp,Male,1978-01-26,4,3AGIL
206,Isadore,Shotbolt,ishotbolt5p@w3.org,Male,1979-05-17,4,3TPMG
207,Jillayne,O'Dowling,jodowling5q@bizjournals.com,Female,1971-05-06,4,3DVSC
208,Quintina,Matschoss,qmatschoss5r@behance.net,Female,1980-05-15,4,3ASPC
209,Hector,Goning,hgoning5s@yale.edu,Male,1971-12-14,4,3ANDM
210,Bryanty,McCunn,bmccunn5t@whitehouse.gov,Male,1988-11-24,4,3IOSD
211,Milena,Kann,mkann5u@vistaprint.com,Female,1987-09-14,4,3MERN
212,Jeth,Goad,jgoad5v@hao123.com,Male,1978-01-18,4,3CCNA
213,Celesta,Mattosoff,cmattosoff5w@123-reg.co.uk,Female,1990-09-15,4,3SECU
214,Wallis,Axelbey,waxelbey5x@princeton.edu,Female,1973-04-22,4,3ENGL
215,Ceciley,Kitteridge,ckitteridge5y@ocn.ne.jp,Female,1985-03-20,4,5ITIL
216,Tessy,Kayser,tkayser5z@indiegogo.com,Female,1980-01-19,4,5DOOP
217,Friedrich,Tudgay,ftudgay60@domainmarket.com,Male,1978-07-15,4,5CCNA
218,Yance,Lochran,ylochran61@marketwatch.com,Male,1970-05-31,4,5DEEP
219,Stanford,Judge,sjudge62@ovh.net,Male,1972-06-30,4,5AIML
220,Natasha,Speight,nspeight63@jiathis.com,Female,1972-01-09,4,5ENGL
