id,first_name,last_name,email,gender,date_of_birth
1,Rudolf,Duchesne,rduchesne0@bravesites.com,Male,1975-11-12
2,Margarete,Goggey,mgoggey1@yelp.com,Female,1976-02-15
3,Man,McAllan,mmcallan2@sourceforge.net,Male,1988-08-26
4,Mei,Tomkiss,mtomkiss3@gov.uk,Female,1971-01-25
5,Paxon,McLarens,pmclarens4@marketwatch.com,Male,1971-04-30
6,Osborn,Inglesfield,oinglesfield5@goo.ne.jp,Male,1975-01-01
7,Poppy,Stienham,pstienham6@domainmarket.com,Female,1970-12-28
8,Denys,Patek,dpatek7@icio.us,Male,1981-08-09
9,Wilmette,Gyurkovics,wgyurkovics8@homestead.com,Female,1982-08-26
10,Feodora,Wreath,fwreath9@e-recht24.de,Female,1980-09-25
11,Teddi,Alennikov,talennikova@china.com.cn,Female,1982-11-15
12,Even,Adran,eadranb@a8.net,Male,1975-03-15
13,Jock,Bisseker,jbissekerc@moonfruit.com,Male,1981-05-19
14,Randi,Allsobrook,rallsobrookd@uol.com.br,Female,1984-03-22
15,Reider,Krzyzowski,rkrzyzowskie@canalblog.com,Male,1990-05-01
16,Euell,Clayfield,eclayfieldf@spotify.com,Male,1975-04-02
17,Melina,Pountain,mpountaing@goo.ne.jp,Female,1977-01-13
18,Alic,Padula,apadulah@printfriendly.com,Male,1974-06-18
19,Ram,Snowdon,rsnowdoni@odnoklassniki.ru,Male,1975-01-21
20,Joseito,Hymus,jhymusj@weibo.com,Male,1980-06-27
21,Florian,Gresly,fgreslyk@redcross.org,Male,1986-10-05
22,Juliet,Bonnette,jbonnettel@google.es,Female,1987-03-05
23,Melissa,Trenear,mtrenearm@washington.edu,Female,1971-07-01
24,Aldon,Kirby,akirbyn@etsy.com,Male,1980-12-20
25,Vern,Fairbeard,vfairbeardo@state.tx.us,Male,1990-06-12
26,Sigismundo,Bardell,sbardellp@telegraph.co.uk,Male,1977-05-16
27,Dorie,de Wilde,ddewildeq@biblegateway.com,Male,1977-03-03
28,Nesta,Compfort,ncompfortr@wsj.com,Female,1977-11-24
29,Kile,Sowrey,ksowreys@myspace.com,Male,1982-03-19
30,Jerrine,Franzotto,jfranzottot@amazon.co.jp,Female,1990-01-16
31,Essy,Fossitt,efossittu@mapquest.com,Female,1985-01-03
32,Petronia,Douty,pdoutyv@trellian.com,Female,1972-01-29
33,Bondon,Mackiewicz,bmackiewiczw@msu.edu,Male,1978-06-01
34,Raddie,Fallowfield,rfallowfieldx@nsw.gov.au,Male,1973-02-02
35,Adrien,Warrack,awarracky@apple.com,Male,1984-01-13
36,Aimee,MacKeeg,amackeegz@usda.gov,Female,1970-05-15
37,Courtney,McAviy,cmcaviy10@bizjournals.com,Female,1978-09-06
38,Athene,Ryrie,aryrie11@usa.gov,Female,1986-07-31
39,Vaughan,Dupree,vdupree12@clickbank.net,Male,1987-08-22
40,Griff,Bassil,gbassil13@etsy.com,Male,1979-04-25
41,Charmion,Lambrook,clambrook14@cbslocal.com,Female,1972-01-26
42,Jerry,Wherry,jwherry15@wp.com,Female,1989-02-13
43,Tades,Whittam,twhittam16@taobao.com,Male,1984-09-24
44,Kellen,Schwier,kschwier17@wikispaces.com,Male,1988-03-11
45,Crichton,Stillwell,cstillwell18@msu.edu,Male,1971-06-19
46,Brnaba,Pigott,bpigott19@nasa.gov,Male,1971-01-19
47,Karalee,Beales,kbeales1a@nytimes.com,Female,1973-04-10
48,Jerry,Wardhaw,jwardhaw1b@amazon.co.uk,Female,1984-05-22
49,Madelaine,Ratt,mratt1c@nytimes.com,Female,1974-12-30
50,Maire,Gladeche,mgladeche1d@marriott.com,Female,1990-04-29
51,Phillipe,Creser,pcreser1e@pcworld.com,Male,1980-09-29
52,Orsola,Stovin,ostovin1f@bloomberg.com,Female,1976-10-21
53,Maggee,Eldridge,meldridge1g@usa.gov,Female,1985-05-04
54,Danie,Elliker,delliker1h@google.co.jp,Male,1987-06-02
55,Mead,Willans,mwillans1i@boston.com,Female,1971-02-08
56,Alonso,Quinn,aquinn1j@noaa.gov,Male,1977-12-15
57,Wayland,Delooze,wdelooze1k@bloomberg.com,Male,1989-03-15
58,Mariann,Swyn,mswyn1l@elpais.com,Female,1978-11-26
59,Craggy,Bradder,cbradder1m@kickstarter.com,Male,1980-07-29
60,Curr,Blasiak,cblasiak1n@oaic.gov.au,Male,1982-10-15
61,Brear,Iddison,biddison1o@who.int,Female,1974-03-29
62,Ammamaria,Cannings,acannings1p@icq.com,Female,1989-05-02
63,Barbe,Crosthwaite,bcrosthwaite1q@sourceforge.net,Female,1972-07-22
64,Matty,Matley,mmatley1r@ustream.tv,Female,1973-03-15
65,Yoshi,Olivey,yolivey1s@w3.org,Female,1974-04-11
66,Denis,Ciottoi,dciottoi1t@kickstarter.com,Male,1984-07-13
67,Myrle,McGaraghan,mmcgaraghan1u@youtube.com,Female,1972-03-06
68,Collete,Beverstock,cbeverstock1v@dmoz.org,Female,1971-11-15
69,Gerick,Mortimer,gmortimer1w@mayoclinic.com,Male,1986-06-20
70,Smitty,Linnock,slinnock1x@ft.com,Male,1984-10-31
71,Bram,Mathwen,bmathwen1y@yellowpages.com,Male,1975-11-14
72,Elie,Kybbye,ekybbye1z@imdb.com,Female,1983-11-09
73,Reggie,Grierson,rgrierson20@cpanel.net,Male,1983-07-25
74,Raul,Shakesby,rshakesby21@army.mil,Male,1975-03-14
75,Alonso,Craisford,acraisford22@youtu.be,Male,1970-04-02
76,Worthy,Dudbridge,wdudbridge23@slideshare.net,Male,1976-10-05
77,Burk,Moorton,bmoorton24@twitter.com,Male,1989-09-23
78,Pat,Brislane,pbrislane25@jiathis.com,Female,1977-02-22
79,Davey,Kirvell,dkirvell26@epa.gov,Male,1984-03-05
80,Ericka,Lippo,elippo27@globo.com,Female,1976-12-04
81,Randi,Grigoriev,rgrigoriev28@istockphoto.com,Female,1972-09-04
82,Isadora,Strowlger,istrowlger29@hp.com,Female,1987-03-26
83,Alena,Jeannaud,ajeannaud2a@g.co,Female,1983-03-30
84,Marline,Scothern,mscothern2b@paypal.com,Female,1988-01-26
85,Bobbee,Tappington,btappington2c@rediff.com,Female,1973-09-26
86,Deni,Stollenhof,dstollenhof2d@businessweek.com,Female,1983-04-26
87,Sosanna,Lingard,slingard2e@amazon.co.uk,Female,1990-08-21
88,Sibbie,Sutter,ssutter2f@t-online.de,Female,1989-08-14
89,Mirelle,Jakaway,mjakaway2g@xrea.com,Female,1982-07-15
90,Lewie,Newsham,lnewsham2h@statcounter.com,Male,1984-03-19
91,Norman,Itzhaiek,nitzhaiek2i@ihg.com,Male,1971-04-27
92,Hertha,Earles,hearles2j@google.it,Female,1990-06-22
93,Harlen,Thornebarrow,hthornebarrow2k@homestead.com,Male,1985-04-19
94,Den,Kitchinghan,dkitchinghan2l@spiegel.de,Male,1989-09-20
95,Faber,Willcott,fwillcott2m@about.me,Male,1980-07-21
96,Constantine,Tiley,ctiley2n@nba.com,Male,1978-02-18
97,Windy,Dorgan,wdorgan2o@walmart.com,Female,1982-02-05
98,Efren,Server,eserver2p@nydailynews.com,Male,1979-01-08
99,Letti,Armell,larmell2q@altervista.org,Female,1972-11-28
100,Eleanora,Rawet,erawet2r@ovh.net,Female,1982-10-02
101,Isabelle,Moncreiffe,imoncreiffe2s@feedburner.com,Female,1980-10-11
102,Milty,Assur,massur2t@last.fm,Male,1981-01-21
103,Alfonse,Avison,aavison2u@diigo.com,Male,1974-05-20
104,Bogart,Merrgen,bmerrgen2v@alexa.com,Male,1974-11-18
105,Damiano,Eagle,deagle2w@linkedin.com,Male,1977-08-25
106,Hilary,Hornbuckle,hhornbuckle2x@slashdot.org,Female,1987-07-29
107,Ertha,Tease,etease2y@nbcnews.com,Female,1971-03-20
108,Judi,Shear,jshear2z@netscape.com,Female,1977-07-08
109,Gale,Millar,gmillar30@amazon.com,Female,1977-08-12
110,Anthia,Haysham,ahaysham31@altervista.org,Female,1988-08-27
111,Jaclin,Inchan,jinchan32@apache.org,Female,1988-03-24
112,Dickie,Case,dcase33@canalblog.com,Male,1989-12-08
113,Clarissa,Bartle,cbartle34@flickr.com,Female,1985-02-23
114,Alverta,McCanny,amccanny35@wiley.com,Female,1977-02-14
115,Milton,Neylon,mneylon36@reference.com,Male,1975-05-08
116,Carlynn,Querrard,cquerrard37@51.la,Female,1984-07-25
117,Godfrey,Autin,gautin38@e-recht24.de,Male,1984-08-04
118,Avivah,Stokoe,astokoe39@icio.us,Female,1987-10-14
119,Olenolin,Childs,ochilds3a@artisteer.com,Male,1986-11-23
120,Yule,Crumley,ycrumley3b@homestead.com,Male,1989-05-29
121,Hubie,Martugin,hmartugin3c@apache.org,Male,1984-08-29
122,Vassily,Husset,vhusset3d@nyu.edu,Male,1982-10-31
123,Marjy,Stutely,mstutely3e@columbia.edu,Female,1975-11-18
124,Tammara,Yedy,tyedy3f@skyrock.com,Female,1974-11-22
125,Antons,Ribeiro,aribeiro3g@washingtonpost.com,Male,1990-08-21
126,Lin,MacPaike,lmacpaike3h@ifeng.com,Female,1980-06-11
127,Anthe,Trayton,atrayton3i@economist.com,Female,1989-07-07
128,Brendin,Coytes,bcoytes3j@ezinearticles.com,Male,1972-08-23
129,Jacinthe,Di Biaggi,jdibiaggi3k@flickr.com,Female,1985-07-11
130,Allister,Wheelband,awheelband3l@shareasale.com,Male,1973-07-10
131,Nanette,Ulyatt,nulyatt3m@jalbum.net,Female,1973-01-05
132,Germaine,Izzard,gizzard3n@elegantthemes.com,Male,1974-02-10
133,Ross,Stather,rstather3o@noaa.gov,Male,1980-12-28
134,Megan,Samper,msamper3p@merriam-webster.com,Female,1979-04-06
135,Marcello,Gilmartin,mgilmartin3q@va.gov,Male,1985-06-30
136,Myrvyn,Tracy,mtracy3r@dyndns.org,Male,1986-01-24
137,Yoko,Elfes,yelfes3s@chronoengine.com,Female,1975-01-10
138,Pru,Riha,priha3t@seesaa.net,Female,1976-06-07
139,Lexis,Spittall,lspittall3u@infoseek.co.jp,Female,1988-07-13
140,Carolyn,Goodlad,cgoodlad3v@php.net,Female,1974-12-21
141,Phillipe,Maier,pmaier3w@eventbrite.com,Male,1990-05-11
142,Niel,Josipovitz,njosipovitz3x@tumblr.com,Male,1974-03-04
143,Monte,Iacovino,miacovino3y@tmall.com,Male,1975-03-03
144,Allie,Pettipher,apettipher3z@salon.com,Female,1987-04-06
145,Des,Glazier,dglazier40@gov.uk,Male,1984-01-10
146,Ware,Beechcraft,wbeechcraft41@sakura.ne.jp,Male,1990-06-28
147,Murdoch,Trimbey,mtrimbey42@last.fm,Male,1979-02-20
148,Richmond,Clewlowe,rclewlowe43@tiny.cc,Male,1990-06-10
149,Deedee,Gudeman,dgudeman44@miitbeian.gov.cn,Female,1985-12-03
150,Noami,Symonds,nsymonds45@shareasale.com,Female,1982-07-17
151,Yevette,Fearnsides,yfearnsides46@example.com,Female,1986-03-31
152,Spense,Connock,sconnock47@about.com,Male,1990-11-14
153,Verna,Willowby,vwillowby48@arstechnica.com,Female,1986-04-23
154,Daloris,Calow,dcalow49@i2i.jp,Female,1978-05-02
155,Georgia,Mackerel,gmackerel4a@addthis.com,Female,1983-04-19
156,Jaymie,Filipovic,jfilipovic4b@jiathis.com,Male,1980-04-16
157,Danna,Goulston,dgoulston4c@miitbeian.gov.cn,Female,1984-09-29
158,Rhonda,Crighton,rcrighton4d@webmd.com,Female,1974-05-11
159,Ethelbert,Leming,eleming4e@blogspot.com,Male,1986-08-21
160,Tersina,Mulgrew,tmulgrew4f@geocities.com,Female,1978-10-08
161,Skelly,Wraith,swraith4g@mozilla.org,Male,1983-04-16
162,Rosette,Mil,rmil4h@bing.com,Female,1977-01-31
163,Werner,Skelly,wskelly4i@canalblog.com,Male,1978-11-17
164,Vassily,Shoulders,vshoulders4j@example.com,Male,1984-01-13
165,Ewell,Ruzek,eruzek4k@etsy.com,Male,1971-07-05
166,Horten,Goodisson,hgoodisson4l@upenn.edu,Male,1989-09-08
167,Kristo,Hardisty,khardisty4m@cdbaby.com,Male,1980-06-08
168,Constancy,Hamman,chamman4n@whitehouse.gov,Female,1990-08-28
169,Winonah,Bordes,wbordes4o@unc.edu,Female,1985-10-20
170,Georg,Kirwood,gkirwood4p@sourceforge.net,Male,1980-09-01
171,Ericha,Laughnan,elaughnan4q@accuweather.com,Female,1980-02-24
172,Zondra,Peiro,zpeiro4r@theatlantic.com,Female,1984-02-23
173,Biron,Alelsandrovich,balelsandrovich4s@amazon.com,Male,1979-11-25
174,Rasla,Cadwaladr,rcadwaladr4t@sciencedirect.com,Female,1981-08-27
175,Berta,Drummond,bdrummond4u@privacy.gov.au,Female,1984-05-27
176,Franciska,Ducker,fducker4v@cam.ac.uk,Female,1980-08-11
177,Giovanna,Punton,gpunton4w@gov.uk,Female,1985-07-25
178,Huntington,Clutten,hclutten4x@amazon.co.jp,Male,1971-08-04
179,Ky,Stockton,kstockton4y@forbes.com,Male,1970-11-26
180,Martguerita,Standall,mstandall4z@symantec.com,Female,1985-10-31
181,Fayre,Channer,fchanner50@cbslocal.com,Female,1987-11-05
182,Othella,Burmaster,oburmaster51@amazon.co.jp,Female,1972-12-21
183,Stafford,Butt Gow,sbuttgow52@histats.com,Male,1974-08-25
184,Philomena,Gallager,pgallager53@twitter.com,Female,1984-07-12
185,Gavra,Sambedge,gsambedge54@washingtonpost.com,Female,1982-06-03
186,Teddy,Tomaszewski,ttomaszewski55@eepurl.com,Female,1972-11-23
187,Deb,Mundford,dmundford56@studiopress.com,Female,1974-11-01
188,Cati,Ledwich,cledwich57@npr.org,Female,1974-04-21
189,Darill,Foskin,dfoskin58@cdc.gov,Male,1976-03-31
190,Normy,Ullrich,nullrich59@aol.com,Male,1983-11-10
191,Falkner,Shurey,fshurey5a@squidoo.com,Male,1981-12-22
192,Seth,Geering,sgeering5b@acquirethisname.com,Male,1980-10-28
193,Mitchael,Iacivelli,miacivelli5c@weebly.com,Male,1977-02-22
194,Pembroke,MacNaughton,pmacnaughton5d@myspace.com,Male,1977-04-20
195,Tabby,Sked,tsked5e@ebay.co.uk,Male,1988-06-22
196,Derry,Trengove,dtrengove5f@bluehost.com,Male,1983-08-01
197,Winifield,Caldaro,wcaldaro5g@cbc.ca,Male,1977-05-27
198,Krissie,Simmon,ksimmon5h@topsy.com,Female,1986-07-01
199,Inger,Athow,iathow5i@globo.com,Male,1979-10-25
200,Emmet,Tash,etash5j@jalbum.net,Male,1973-11-07
201,Lynn,Powdrell,lpowdrell5k@squidoo.com,Female,1990-02-17
202,Eleen,Cricket,ecricket5l@twitter.com,Female,1971-06-11
203,Homerus,Selby,hselby5m@gmpg.org,Male,1980-06-30
204,Sara,Feveryear,sfeveryear5n@live.com,Female,1987-11-08
205,Shanan,Noweak,snoweak5o@sakura.ne.jp,Male,1978-01-26
206,Isadore,Shotbolt,ishotbolt5p@w3.org,Male,1979-05-17
207,Jillayne,O'Dowling,jodowling5q@bizjournals.com,Female,1971-05-06
208,Quintina,Matschoss,qmatschoss5r@behance.net,Female,1980-05-15
209,Hector,Goning,hgoning5s@yale.edu,Male,1971-12-14
210,Bryanty,McCunn,bmccunn5t@whitehouse.gov,Male,1988-11-24
211,Milena,Kann,mkann5u@vistaprint.com,Female,1987-09-14
212,Jeth,Goad,jgoad5v@hao123.com,Male,1978-01-18
213,Celesta,Mattosoff,cmattosoff5w@123-reg.co.uk,Female,1990-09-15
214,Wallis,Axelbey,waxelbey5x@princeton.edu,Female,1973-04-22
215,Ceciley,Kitteridge,ckitteridge5y@ocn.ne.jp,Female,1985-03-20
216,Tessy,Kayser,tkayser5z@indiegogo.com,Female,1980-01-19
217,Friedrich,Tudgay,ftudgay60@domainmarket.com,Male,1978-07-15
218,Yance,Lochran,ylochran61@marketwatch.com,Male,1970-05-31
219,Stanford,Judge,sjudge62@ovh.net,Male,1972-06-30
220,Natasha,Speight,nspeight63@jiathis.com,Female,1972-01-09
221,Norton,Vagges,nvagges64@1und1.de,Male,1984-02-16
222,Frannie,Kenan,fkenan65@engadget.com,Female,1986-08-03
223,Salomone,Alejandre,salejandre66@pcworld.com,Male,1985-08-09
224,Denna,Keightley,dkeightley67@gov.uk,Female,1988-11-02
225,Giffer,Jozwicki,gjozwicki68@aboutads.info,Male,1980-12-28
226,Sondra,Izsak,sizsak69@washingtonpost.com,Female,1974-04-08
227,Kailey,Bygreaves,kbygreaves6a@google.it,Female,1977-05-22
228,Kerrin,Ciani,kciani6b@cnet.com,Female,1988-09-18
229,Maiga,Powlett,mpowlett6c@msn.com,Female,1975-05-19
230,Darcy,McKeeman,dmckeeman6d@posterous.com,Male,1982-10-25
231,Lynette,Kaaskooper,lkaaskooper6e@hostgator.com,Female,1977-07-03
232,Sybyl,Sandcraft,ssandcraft6f@php.net,Female,1978-05-18
233,Starlene,De Maine,sdemaine6g@ow.ly,Female,1989-03-28
234,Eustacia,Parnell,eparnell6h@desdev.cn,Female,1976-12-12
235,Rice,McCrackem,rmccrackem6i@businessinsider.com,Male,1977-08-27
236,Paco,Cannop,pcannop6j@istockphoto.com,Male,1973-10-04
237,Aymer,Pirie,apirie6k@unesco.org,Male,1975-01-09
238,Ninnetta,Gostling,ngostling6l@illinois.edu,Female,1974-12-19
239,Kaine,Marques,kmarques6m@tinyurl.com,Male,1973-01-25
240,Sam,Place,splace6n@spiegel.de,Female,1980-05-19
241,Tobin,Foukx,tfoukx6o@state.tx.us,Male,1982-05-14
242,Lynnette,Elcoat,lelcoat6p@cisco.com,Female,1983-11-22
243,Rozele,Butlin,rbutlin6q@wikimedia.org,Female,1987-04-17
244,Edythe,McFater,emcfater6r@yolasite.com,Female,1978-03-07
245,Kali,Duester,kduester6s@blogtalkradio.com,Female,1971-06-17
246,Inga,Silwood,isilwood6t@liveinternet.ru,Female,1988-07-15
247,Corinna,Duffill,cduffill6u@washington.edu,Female,1970-05-23
248,Ethelbert,Brambell,ebrambell6v@newyorker.com,Male,1980-10-24
249,Roxane,Waddilove,rwaddilove6w@netlog.com,Female,1979-12-10
250,Silvana,Bowell,sbowell6x@sphinn.com,Female,1981-01-10
251,Rodger,Tuxell,rtuxell6y@youtube.com,Male,1986-06-19
252,Web,Hens,whens6z@livejournal.com,Male,1987-09-08
253,Locke,Hucke,lhucke70@npr.org,Male,1972-06-15
254,Ingar,Gilbart,igilbart71@cnbc.com,Male,1980-10-03
255,Demetris,Runnalls,drunnalls72@msu.edu,Male,1972-10-19
256,Deanna,Moulder,dmoulder73@deviantart.com,Female,1987-05-18
257,Christopher,Milburn,cmilburn74@techcrunch.com,Male,1980-03-23
258,Rodger,Ropert,rropert75@hud.gov,Male,1989-11-25
259,Glenn,Synnot,gsynnot76@oaic.gov.au,Female,1971-03-16
260,Trina,Rikard,trikard77@salon.com,Female,1987-10-17
261,Humfrid,Steeples,hsteeples78@goo.gl,Male,1972-08-11
262,Alano,Phippard,aphippard79@netvibes.com,Male,1980-09-10
263,Cirstoforo,Longhorn,clonghorn7a@sina.com.cn,Male,1974-06-11
264,Jacobo,Hendrichs,jhendrichs7b@a8.net,Male,1970-12-25
265,Kaspar,Bletsor,kbletsor7c@sun.com,Male,1982-07-23
266,Dean,Lambertazzi,dlambertazzi7d@infoseek.co.jp,Male,1990-11-19
267,Bartolemo,Harper,bharper7e@example.com,Male,1977-10-28
268,Arley,Faers,afaers7f@tamu.edu,Male,1990-01-23
269,Katee,Vreiberg,kvreiberg7g@phpbb.com,Female,1970-02-02
270,Christos,Swinerd,cswinerd7h@mozilla.org,Male,1977-05-14
271,Lombard,Selcraig,lselcraig7i@ted.com,Male,1976-11-02
272,Cyndi,Slimmon,cslimmon7j@g.co,Female,1982-06-24
273,Juli,Barbera,jbarbera7k@freewebs.com,Female,1986-10-30
274,Bran,Hodgin,bhodgin7l@technorati.com,Male,1970-12-09
275,Grove,Michieli,gmichieli7m@360.cn,Male,1990-01-04
276,Cassandra,De Hoogh,cdehoogh7n@youtube.com,Female,1990-08-14
277,Cornelle,Rean,crean7o@oakley.com,Female,1985-04-11
278,Victoir,Fleury,vfleury7p@sina.com.cn,Male,1980-12-13
279,Brandise,Ivell,bivell7q@unc.edu,Female,1976-12-23
280,Alphonse,Satteford,asatteford7r@intel.com,Male,1989-05-26
281,Avictor,Lassetter,alassetter7s@purevolume.com,Male,1978-08-21
282,Rowan,Ullock,rullock7t@rediff.com,Male,1972-10-23
283,Brockie,Salliere,bsalliere7u@gmpg.org,Male,1981-03-24
284,Ewart,Clem,eclem7v@boston.com,Male,1986-04-22
285,Leila,Jeacock,ljeacock7w@goo.gl,Female,1977-02-22
286,Wang,Edgington,wedgington7x@ucoz.com,Male,1973-07-04
287,Bartholomeo,Richings,brichings7y@forbes.com,Male,1985-01-31
288,Cash,Alliker,calliker7z@disqus.com,Male,1979-01-25
289,Torrey,Linnock,tlinnock80@163.com,Male,1974-11-10
290,Addison,Cappell,acappell81@t-online.de,Male,1972-10-12
291,Marcel,Weson,mweson82@soundcloud.com,Male,1972-02-18
292,Arielle,Keiley,akeiley83@amazon.co.jp,Female,1975-01-24
293,Erin,Lawler,elawler84@chron.com,Female,1977-07-23
294,Eustacia,Ryde,eryde85@aol.com,Female,1976-10-09
295,Asher,Izzett,aizzett86@ftc.gov,Male,1975-08-15
296,Si,Hasell,shasell87@nytimes.com,Male,1980-11-23
297,Wes,Fraschini,wfraschini88@yelp.com,Male,1975-12-12
298,Ardelle,Hourstan,ahourstan89@nba.com,Female,1987-09-13
299,Adan,McQuarter,amcquarter8a@smh.com.au,Female,1974-12-30
300,Adler,Swepstone,aswepstone8b@ucsd.edu,Male,1975-12-04
